target_date,jam,target_datetime,lead_hours,lead_bucket,mission,location_personality,microclimate_profile,atmospheric_mode,predictability,dominant_category,dominant_category_probability,category_disagreement,sources_used,source_ids,coverage_fraction,temp_p05,temp_p10,temp_p25,temp_p50,temp_p75,temp_p90,temp_p95,temp_micro_p50,temp_micro_adjustment,rh_p10,rh_p50,rh_p90,rh_micro_p50,rh_micro_adjustment,rain_p05,rain_p10,rain_p25,rain_p50,rain_p75,rain_p90,rain_p95,prob_rain,prob_moderate_heavy_rain,prob_heavy_rain,wind_p50,wind_p90,gust_p90,heat_index_p50,heat_index_p90,cloud_p50,cape_p50,visibility_p10,analog_probability,analog_cases,direct_hit_risk,nearby_rain_risk,rain_displacement_risk,spatial_uncertainty,rain_threat_score,rain_threat_level,heavy_rain_threat_score,heavy_rain_threat_level,wind_threat_score,wind_threat_level,heat_discomfort_threat_score,heat_discomfort_threat_level,low_visibility_threat_score,low_visibility_threat_level,thunderstorm_proxy_threat_score,thunderstorm_proxy_threat_level,uncertainty_score,forecast_stress_index,forecast_failure_risk,self_doubt_score,main_failure_mode,scenario_dry_miss,scenario_nearby_rain_only,scenario_direct_light_rain,scenario_direct_moderate_rain,scenario_convective_burst,walking_score,motorbike_score,outdoor_event_score,fieldwork_score,laundry_score,sport_score,trust_level,operational_status,autopilot_route,confidence_score_base,source_health_mean,gap_mean_minutes,decision_recommendation,expert_council,counterfactual_summary,forecast_contract_summary,explanation,dew_point_c,apparent_temperature_c,pressure_msl_hpa,surface_pressure_hpa,wind_direction_deg,uv_index,grid_sampling_status,sentinel_public_version,official_warning_disclaimer,calibration_status,verification_cases,risk_score_basis,public_safety_note
2026-08-26,00:00,2026-08-26T00:00:00+07:00,41.42,lead_24_48h,safety_first,generic_hyperlocal,generic_local,HUMID_STABLE_MORNING,HIGH,Cerah,56.7,43.3,7,BMKG+CMA+ECMWF+GFS+ICON+METEOFRANCE+UKMO,1.0,22.0,22.0,22.7,23.1,25.6,27.5,27.5,23.1,0.0,64.0,88.0,95.0,88.0,0.0,0.0,0.0,0.0,0.0,0.0,0.0,0.0,0.0,0.0,0.0,5.7,9.1,,23.1,29.12,15.0,,,,0,15.9,26.3,28.5,34.1,19.2,LOW,2.1,LOW,20.2,LOW,36.6,MEDIUM,0.0,LOW,19.1,LOW,21.5,24.8,19.8,25.0,low_failure_risk_non_rain,87.0,5.2,4.1,1.4,2.3,6,6,7,6,6,5,HIGHLY_TRUSTED,GREEN,sentinel_probabilistic_risk_route,86.8,0.999,8.6,Risiko relatif terkendali; keputusan normal masih masuk akal dengan pemantauan berkala.,"Local Signal Analyst: sinyal hujan belum dominan, tetapi tetap membaca tail-risk dari P90/P95. | Uncertainty Auditor: agreement relatif masih dapat diterima untuk keputusan umum. | Decision Judge: mission=safety_first → Risiko relatif terkendali; keputusan normal masih masuk akal dengan pemantauan berkala.","Jika RH turun ±10%, rain support kemungkinan turun signifikan.",Boleh dipakai untuk rencana umum; tetap bukan peringatan resmi cuaca ekstrem.,Forecast memilih interpretasi ini karena mode atmosfer HUMID_STABLE_MORNING; 7 source aktif.,,23.1,,,,,unavailable,sentinel-x-public-operational-v2,"Bukan peringatan resmi. Untuk cuaca ekstrem, ikuti informasi BMKG dan kondisi setempat.",INSUFFICIENT_DATA_HEURISTIC_MODE,0,transparent_heuristic_until_more_observations,Decision support only; not an official warning.
2026-08-26,01:00,2026-08-26T01:00:00+07:00,42.42,lead_24_48h,safety_first,generic_hyperlocal,generic_local,HUMID_STABLE_MORNING,HIGH,Cerah,58.6,41.4,7,BMKG+CMA+ECMWF+GFS+ICON+METEOFRANCE+UKMO,1.0,22.0,22.0,22.0,22.8,25.0,27.1,27.1,22.8,0.0,66.0,88.0,95.0,88.0,0.0,0.0,0.0,0.0,0.0,0.0,0.0,0.0,0.0,0.0,0.0,5.6,8.2,,22.8,28.68,15.0,,,,0,15.9,26.0,28.0,33.1,19.1,LOW,2.0,LOW,18.2,LOW,31.7,LOW,0.0,LOW,19.1,LOW,20.2,24.3,19.2,23.9,low_failure_risk_non_rain,87.4,5.0,4.0,1.4,2.2,6,6,7,6,6,6,HIGHLY_TRUSTED,GREEN,sentinel_probabilistic_risk_route,88.4,0.999,0.0,Risiko relatif terkendali; keputusan normal masih masuk akal dengan pemantauan berkala.,"Local Signal Analyst: sinyal hujan belum dominan, tetapi tetap membaca tail-risk dari P90/P95. | Uncertainty Auditor: agreement relatif masih dapat diterima untuk keputusan umum. | Decision Judge: mission=safety_first → Risiko relatif terkendali; keputusan normal masih masuk akal dengan pemantauan berkala.","Jika RH turun ±10%, rain support kemungkinan turun signifikan.",Boleh dipakai untuk rencana umum; tetap bukan peringatan resmi cuaca ekstrem.,Forecast memilih interpretasi ini karena mode atmosfer HUMID_STABLE_MORNING; 7 source aktif.,,22.8,,,,,unavailable,sentinel-x-public-operational-v2,"Bukan peringatan resmi. Untuk cuaca ekstrem, ikuti informasi BMKG dan kondisi setempat.",INSUFFICIENT_DATA_HEURISTIC_MODE,0,transparent_heuristic_until_more_observations,Decision support only; not an official warning.
2026-08-26,02:00,2026-08-26T02:00:00+07:00,43.42,lead_24_48h,safety_first,generic_hyperlocal,generic_local,HUMID_STABLE_MORNING,HIGH,Cerah,56.7,43.3,7,BMKG+CMA+ECMWF+GFS+ICON+METEOFRANCE+UKMO,1.0,21.6,21.6,21.8,22.5,24.4,26.8,26.8,22.5,0.0,68.0,90.0,95.0,90.0,0.0,0.0,0.0,0.0,0.0,0.0,0.0,0.0,0.0,0.0,0.0,5.3,8.4,,22.5,28.38,15.0,,,,0,16.2,26.6,28.7,34.2,19.6,LOW,2.2,LOW,18.7,LOW,30.3,LOW,0.0,LOW,19.5,LOW,21.8,25.3,20.0,25.2,low_failure_risk_non_rain,86.9,5.3,4.0,1.4,2.4,6,6,7,6,6,6,HIGHLY_TRUSTED,GREEN,sentinel_probabilistic_risk_route,87.0,0.999,8.6,Risiko relatif terkendali; keputusan normal masih masuk akal dengan pemantauan berkala.,"Local Signal Analyst: sinyal hujan belum dominan, tetapi tetap membaca tail-risk dari P90/P95. | Uncertainty Auditor: agreement relatif masih dapat diterima untuk keputusan umum. | Decision Judge: mission=safety_first → Risiko relatif terkendali; keputusan normal masih masuk akal dengan pemantauan berkala.","Jika RH turun ±10%, rain support kemungkinan turun signifikan.",Boleh dipakai untuk rencana umum; tetap bukan peringatan resmi cuaca ekstrem.,Forecast memilih interpretasi ini karena mode atmosfer HUMID_STABLE_MORNING; 7 source aktif.,,22.5,,,,,unavailable,sentinel-x-public-operational-v2,"Bukan peringatan resmi. Untuk cuaca ekstrem, ikuti informasi BMKG dan kondisi setempat.",INSUFFICIENT_DATA_HEURISTIC_MODE,0,transparent_heuristic_until_more_observations,Decision support only; not an official warning.
2026-08-26,03:00,2026-08-26T03:00:00+07:00,44.42,lead_24_48h,safety_first,generic_hyperlocal,generic_local,HUMID_STABLE_MORNING,HIGH,Cerah,57.7,42.3,7,BMKG+CMA+ECMWF+GFS+ICON+METEOFRANCE+UKMO,1.0,20.0,20.0,21.3,22.1,23.9,26.5,26.5,22.1,0.0,70.0,92.0,95.0,92.0,0.0,0.0,0.0,0.0,0.0,0.0,0.0,0.0,0.0,0.0,0.0,5.7,9.0,,22.1,26.5,15.0,,,,0,16.5,26.8,28.5,33.7,19.9,LOW,2.2,LOW,20.0,LOW,11.4,LOW,0.0,LOW,19.9,LOW,21.6,25.2,19.9,24.9,low_failure_risk_non_rain,87.0,5.3,4.0,1.4,2.3,7,6,7,7,6,7,HIGHLY_TRUSTED,GREEN,sentinel_probabilistic_risk_route,87.1,0.999,8.6,Risiko relatif terkendali; keputusan normal masih masuk akal dengan pemantauan berkala.,"Local Signal Analyst: sinyal hujan belum dominan, tetapi tetap membaca tail-risk dari P90/P95. | Uncertainty Auditor: agreement relatif masih dapat diterima untuk keputusan umum. | Decision Judge: mission=safety_first → Risiko relatif terkendali; keputusan normal masih masuk akal dengan pemantauan berkala.","Jika RH turun ±10%, rain support kemungkinan turun signifikan.",Boleh dipakai untuk rencana umum; tetap bukan peringatan resmi cuaca ekstrem.,Forecast memilih interpretasi ini karena mode atmosfer HUMID_STABLE_MORNING; 7 source aktif.,,22.1,,,,,unavailable,sentinel-x-public-operational-v2,"Bukan peringatan resmi. Untuk cuaca ekstrem, ikuti informasi BMKG dan kondisi setempat.",INSUFFICIENT_DATA_HEURISTIC_MODE,0,transparent_heuristic_until_more_observations,Decision support only; not an official warning.
2026-08-26,04:00,2026-08-26T04:00:00+07:00,45.42,lead_24_48h,safety_first,generic_hyperlocal,generic_local,HUMID_STABLE_MORNING,HIGH,Cerah,55.2,44.8,7,BMKG+CMA+ECMWF+GFS+ICON+METEOFRANCE+UKMO,1.0,20.0,20.0,21.2,21.9,23.5,26.2,26.2,21.9,0.0,71.0,91.0,94.0,91.0,0.0,0.0,0.0,0.0,0.0,0.0,0.0,0.0,0.0,0.0,0.0,5.7,9.5,,21.9,26.2,15.0,,,,0,16.4,27.2,29.4,35.2,19.9,LOW,2.2,LOW,21.1,LOW,7.1,LOW,0.0,LOW,19.7,LOW,21.7,25.9,20.4,25.7,low_failure_risk_non_rain,87.0,5.3,4.1,1.3,2.3,7,6,7,7,6,7,HIGHLY_TRUSTED,GREEN,sentinel_probabilistic_risk_route,87.7,0.999,0.0,Risiko relatif terkendali; keputusan normal masih masuk akal dengan pemantauan berkala.,"Local Signal Analyst: sinyal hujan belum dominan, tetapi tetap membaca tail-risk dari P90/P95. | Uncertainty Auditor: agreement relatif masih dapat diterima untuk keputusan umum. | Decision Judge: mission=safety_first → Risiko relatif terkendali; keputusan normal masih masuk akal dengan pemantauan berkala.","Jika RH turun ±10%, rain support kemungkinan turun signifikan.",Boleh dipakai untuk rencana umum; tetap bukan peringatan resmi cuaca ekstrem.,Forecast memilih interpretasi ini karena mode atmosfer HUMID_STABLE_MORNING; 7 source aktif.,,21.9,,,,,unavailable,sentinel-x-public-operational-v2,"Bukan peringatan resmi. Untuk cuaca ekstrem, ikuti informasi BMKG dan kondisi setempat.",INSUFFICIENT_DATA_HEURISTIC_MODE,0,transparent_heuristic_until_more_observations,Decision support only; not an official warning.
2026-08-26,05:00,2026-08-26T05:00:00+07:00,46.42,lead_24_48h,safety_first,generic_hyperlocal,generic_local,HUMID_STABLE_MORNING,HIGH,Cerah,43.3,56.7,7,BMKG+CMA+ECMWF+GFS+ICON+METEOFRANCE+UKMO,1.0,20.0,20.0,21.2,22.0,23.1,25.9,25.9,22.0,0.0,72.0,91.0,94.0,91.0,0.0,0.0,0.0,0.0,0.0,0.0,0.0,0.0,0.0,0.0,0.0,5.6,8.8,,22.0,25.9,45.0,,,,0,16.4,29.4,33.3,42.2,20.6,LOW,2.7,LOW,19.6,LOW,3.8,LOW,0.0,LOW,22.7,LOW,26.6,29.7,23.7,31.2,low_failure_risk_non_rain,85.8,6.2,3.9,1.3,2.8,7,6,6,7,5,7,HIGHLY_TRUSTED,GREEN,sentinel_probabilistic_risk_route,83.4,0.999,8.6,Risiko relatif terkendali; keputusan normal masih masuk akal dengan pemantauan berkala.,"Local Signal Analyst: sinyal hujan belum dominan, tetapi tetap membaca tail-risk dari P90/P95. | Uncertainty Auditor: agreement relatif masih dapat diterima untuk keputusan umum. | Decision Judge: mission=safety_first → Risiko relatif terkendali; keputusan normal masih masuk akal dengan pemantauan berkala.","Jika RH turun ±10%, rain support kemungkinan turun signifikan. Jika kategori antar-source lebih sepakat, trust level akan naik.",Boleh dipakai untuk rencana umum; tetap bukan peringatan resmi cuaca ekstrem.,Forecast memilih interpretasi ini karena mode atmosfer HUMID_STABLE_MORNING; 7 source aktif.,,22.0,,,,,unavailable,sentinel-x-public-operational-v2,"Bukan peringatan resmi. Untuk cuaca ekstrem, ikuti informasi BMKG dan kondisi setempat.",INSUFFICIENT_DATA_HEURISTIC_MODE,0,transparent_heuristic_until_more_observations,Decision support only; not an official warning.
2026-08-26,06:00,2026-08-26T06:00:00+07:00,47.42,lead_24_48h,safety_first,generic_hyperlocal,generic_local,HUMID_STABLE_MORNING,HIGH,Cerah Berawan,57.7,42.3,7,BMKG+CMA+ECMWF+GFS+ICON+METEOFRANCE+UKMO,1.0,21.1,21.1,21.9,22.3,25.0,25.7,25.7,22.3,0.0,72.0,87.0,93.0,87.0,0.0,0.0,0.0,0.0,0.0,0.0,0.0,0.0,0.0,0.0,0.0,5.6,7.9,,22.3,25.7,45.0,,,,0,15.8,26.3,28.8,33.9,19.1,LOW,2.2,LOW,17.6,LOW,0.0,LOW,0.0,LOW,21.9,LOW,22.0,25.9,20.3,25.2,low_failure_risk_non_rain,86.9,5.3,4.1,1.3,2.4,8,6,7,7,5,7,HIGHLY_TRUSTED,GREEN,sentinel_probabilistic_risk_route,86.9,0.999,8.6,Risiko relatif terkendali; keputusan normal masih masuk akal dengan pemantauan berkala.,"Local Signal Analyst: sinyal hujan belum dominan, tetapi tetap membaca tail-risk dari P90/P95. | Uncertainty Auditor: agreement relatif masih dapat diterima untuk keputusan umum. | Decision Judge: mission=safety_first → Risiko relatif terkendali; keputusan normal masih masuk akal dengan pemantauan berkala.","Jika RH turun ±10%, rain support kemungkinan turun signifikan.",Boleh dipakai untuk rencana umum; tetap bukan peringatan resmi cuaca ekstrem.,Forecast memilih interpretasi ini karena mode atmosfer HUMID_STABLE_MORNING; 7 source aktif.,,22.3,,,,,unavailable,sentinel-x-public-operational-v2,"Bukan peringatan resmi. Untuk cuaca ekstrem, ikuti informasi BMKG dan kondisi setempat.",INSUFFICIENT_DATA_HEURISTIC_MODE,0,transparent_heuristic_until_more_observations,Decision support only; not an official warning.
2026-08-26,07:00,2026-08-26T07:00:00+07:00,48.42,lead_48h_plus,safety_first,generic_hyperlocal,generic_local,STABLE_LOW_RAIN,HIGH,Cerah,44.8,55.2,7,BMKG+CMA+ECMWF+GFS+ICON+METEOFRANCE+UKMO,1.0,22.8,22.8,23.0,23.3,25.0,26.0,26.0,23.3,0.0,70.0,84.0,86.0,84.0,0.0,0.0,0.0,0.0,0.0,0.0,0.0,0.0,0.0,0.0,0.0,5.8,7.7,,23.3,26.0,45.0,,,,0,15.4,28.4,33.1,41.5,19.3,LOW,2.6,LOW,17.1,LOW,0.0,LOW,0.0,LOW,21.3,LOW,25.5,29.5,23.3,30.3,low_failure_risk_non_rain,86.1,6.0,3.9,1.3,2.7,8,6,7,7,5,7,HIGHLY_TRUSTED,GREEN,sentinel_probabilistic_risk_route,85.2,0.999,0.0,"Window relatif baik untuk aktivitas luar ruang, tetapi tetap cek update menjelang siang.","Local Signal Analyst: sinyal hujan belum dominan, tetapi tetap membaca tail-risk dari P90/P95. | Uncertainty Auditor: agreement relatif masih dapat diterima untuk keputusan umum. | Decision Judge: mission=safety_first → Window relatif baik untuk aktivitas luar ruang, tetapi tetap cek update menjelang siang.","Jika RH turun ±10%, rain support kemungkinan turun signifikan. Jika kategori antar-source lebih sepakat, trust level akan naik.",Boleh dipakai untuk rencana umum; tetap bukan peringatan resmi cuaca ekstrem.,Forecast memilih interpretasi ini karena mode atmosfer STABLE_LOW_RAIN; 7 source aktif.,,23.3,,,,,unavailable,sentinel-x-public-operational-v2,"Bukan peringatan resmi. Untuk cuaca ekstrem, ikuti informasi BMKG dan kondisi setempat.",INSUFFICIENT_DATA_HEURISTIC_MODE,0,transparent_heuristic_until_more_observations,Decision support only; not an official warning.
2026-08-26,08:00,2026-08-26T08:00:00+07:00,49.42,lead_48h_plus,safety_first,generic_hyperlocal,generic_local,MIXED_LOCAL_ATMOSPHERE,HIGH,Cerah Berawan,43.3,56.7,7,BMKG+CMA+ECMWF+GFS+ICON+METEOFRANCE+UKMO,1.0,24.4,24.4,24.5,25.0,27.2,27.5,27.5,25.0,0.0,66.0,78.0,80.0,78.0,0.0,0.0,0.0,0.0,0.0,0.1,0.1,0.1,28.9,0.0,0.0,4.7,8.6,,25.0,29.42,45.0,,,,0,25.5,40.4,38.1,45.2,33.2,LOW,3.0,LOW,19.1,LOW,29.9,LOW,0.0,LOW,20.1,LOW,27.4,31.8,28.5,33.8,low_failure_risk_non_rain,62.1,13.3,15.7,6.3,2.6,5,5,5,5,3,4,HIGHLY_TRUSTED,GREEN,sentinel_probabilistic_risk_route,83.7,0.999,8.6,"Window relatif baik untuk aktivitas luar ruang, tetapi tetap cek update menjelang siang.","Local Signal Analyst: sinyal hujan belum dominan, tetapi tetap membaca tail-risk dari P90/P95. | Uncertainty Auditor: agreement relatif masih dapat diterima untuk keputusan umum. | Decision Judge: mission=safety_first → Window relatif baik untuk aktivitas luar ruang, tetapi tetap cek update menjelang siang.","Jika kategori antar-source lebih sepakat, trust level akan naik.",Boleh dipakai untuk rencana umum; tetap bukan peringatan resmi cuaca ekstrem.,Forecast memilih interpretasi ini karena mode atmosfer MIXED_LOCAL_ATMOSPHERE; 7 source aktif.,,25.0,,,,,unavailable,sentinel-x-public-operational-v2,"Bukan peringatan resmi. Untuk cuaca ekstrem, ikuti informasi BMKG dan kondisi setempat.",INSUFFICIENT_DATA_HEURISTIC_MODE,0,transparent_heuristic_until_more_observations,Decision support only; not an official warning.
2026-08-26,09:00,2026-08-26T09:00:00+07:00,50.42,lead_48h_plus,safety_first,generic_hyperlocal,generic_local,MIXED_LOCAL_ATMOSPHERE,HIGH,Hujan Ringan,28.9,71.1,7,BMKG+CMA+ECMWF+GFS+ICON+METEOFRANCE+UKMO,1.0,26.2,26.2,26.7,28.8,29.0,29.4,29.4,28.8,0.0,54.0,61.0,72.0,61.0,0.0,0.0,0.0,0.0,0.0,0.1,0.1,0.1,28.9,0.0,0.0,8.3,10.4,,30.17,31.73,45.0,,,,0,22.9,41.0,42.9,53.6,31.0,LOW,3.4,LOW,23.1,LOW,52.6,MEDIUM,0.0,LOW,16.7,LOW,32.2,36.0,32.1,39.9,category_disagreement_error,61.4,14.6,15.0,6.0,3.0,5,5,5,4,3,3,HIGHLY_TRUSTED,GREEN,sentinel_probabilistic_risk_route,79.6,0.999,8.6,"Window relatif baik untuk aktivitas luar ruang, tetapi tetap cek update menjelang siang.","Local Signal Analyst: sinyal hujan belum dominan, tetapi tetap membaca tail-risk dari P90/P95. | Uncertainty Auditor: agreement relatif masih dapat diterima untuk keputusan umum. | Decision Judge: mission=safety_first → Window relatif baik untuk aktivitas luar ruang, tetapi tetap cek update menjelang siang.","Jika kategori antar-source lebih sepakat, trust level akan naik.",Boleh dipakai untuk rencana umum; tetap bukan peringatan resmi cuaca ekstrem.,Forecast memilih interpretasi ini karena mode atmosfer MIXED_LOCAL_ATMOSPHERE; 7 source aktif.,,30.17,,,,,unavailable,sentinel-x-public-operational-v2,"Bukan peringatan resmi. Untuk cuaca ekstrem, ikuti informasi BMKG dan kondisi setempat.",INSUFFICIENT_DATA_HEURISTIC_MODE,0,transparent_heuristic_until_more_observations,Decision support only; not an official warning.
2026-08-26,10:00,2026-08-26T10:00:00+07:00,51.42,lead_48h_plus,safety_first,generic_hyperlocal,generic_local,MIXED_LOCAL_ATMOSPHERE,HIGH,Cerah,31.0,69.0,7,BMKG+CMA+ECMWF+GFS+ICON+METEOFRANCE+UKMO,1.0,27.8,27.8,28.6,29.1,30.6,31.2,31.2,29.1,0.0,51.0,55.0,66.0,55.0,0.0,0.0,0.0,0.0,0.0,0.1,0.1,0.1,27.6,0.0,0.0,9.4,11.9,,31.53,33.59,45.0,,,,0,21.7,39.3,42.1,52.3,29.1,LOW,3.3,LOW,26.4,LOW,73.2,HIGH,0.0,LOW,15.5,LOW,30.8,35.4,31.3,38.7,category_disagreement_error,62.7,14.0,14.6,5.8,2.9,4,5,5,3,3,2,HIGHLY_TRUSTED,GREEN,sentinel_probabilistic_risk_route,81.3,0.999,0.0,"Window relatif baik untuk aktivitas luar ruang, tetapi tetap cek update menjelang siang.","Local Signal Analyst: sinyal hujan belum dominan, tetapi tetap membaca tail-risk dari P90/P95. | Uncertainty Auditor: agreement relatif masih dapat diterima untuk keputusan umum. | Decision Judge: mission=safety_first → Window relatif baik untuk aktivitas luar ruang, tetapi tetap cek update menjelang siang.","Jika kategori antar-source lebih sepakat, trust level akan naik.",Boleh dipakai untuk rencana umum; tetap bukan peringatan resmi cuaca ekstrem.,Forecast memilih interpretasi ini karena mode atmosfer MIXED_LOCAL_ATMOSPHERE; 7 source aktif.,,31.53,,,,,unavailable,sentinel-x-public-operational-v2,"Bukan peringatan resmi. Untuk cuaca ekstrem, ikuti informasi BMKG dan kondisi setempat.",INSUFFICIENT_DATA_HEURISTIC_MODE,0,transparent_heuristic_until_more_observations,Decision support only; not an official warning.
2026-08-26,11:00,2026-08-26T11:00:00+07:00,52.42,lead_48h_plus,safety_first,generic_hyperlocal,generic_local,MIXED_LOCAL_ATMOSPHERE,HIGH,Hujan Ringan,28.9,71.1,7,BMKG+CMA+ECMWF+GFS+ICON+METEOFRANCE+UKMO,1.0,29.0,29.0,29.1,30.6,32.0,32.9,32.9,30.6,0.0,46.0,54.0,61.0,54.0,0.0,0.0,0.0,0.0,0.0,0.1,0.1,0.1,28.9,0.0,0.0,9.0,12.4,,33.12,35.27,45.0,,,,0,21.9,40.2,43.1,53.8,29.7,LOW,3.5,LOW,27.6,LOW,91.9,VERY_HIGH,0.0,LOW,15.3,LOW,32.5,36.5,32.4,40.2,category_disagreement_error,61.4,14.6,15.0,6.0,3.0,3,5,5,3,3,1,HIGHLY_TRUSTED,GREEN,sentinel_probabilistic_risk_route,79.6,0.999,8.6,"Window relatif baik untuk aktivitas luar ruang, tetapi tetap cek update menjelang siang.","Local Signal Analyst: sinyal hujan belum dominan, tetapi tetap membaca tail-risk dari P90/P95. | Uncertainty Auditor: agreement relatif masih dapat diterima untuk keputusan umum. | Decision Judge: mission=safety_first → Window relatif baik untuk aktivitas luar ruang, tetapi tetap cek update menjelang siang.","Jika kategori antar-source lebih sepakat, trust level akan naik.",Boleh dipakai untuk rencana umum; tetap bukan peringatan resmi cuaca ekstrem.,Forecast memilih interpretasi ini karena mode atmosfer MIXED_LOCAL_ATMOSPHERE; 7 source aktif.,,33.12,,,,,unavailable,sentinel-x-public-operational-v2,"Bukan peringatan resmi. Untuk cuaca ekstrem, ikuti informasi BMKG dan kondisi setempat.",INSUFFICIENT_DATA_HEURISTIC_MODE,0,transparent_heuristic_until_more_observations,Decision support only; not an official warning.
2026-08-26,12:00,2026-08-26T12:00:00+07:00,53.42,lead_48h_plus,safety_first,generic_hyperlocal,generic_local,MIXED_LOCAL_ATMOSPHERE,HIGH,Hujan Ringan,28.9,71.1,7,BMKG+CMA+ECMWF+GFS+ICON+METEOFRANCE+UKMO,1.0,30.1,30.1,30.5,31.8,33.6,34.2,34.2,31.8,0.0,42.0,49.0,57.0,49.0,0.0,0.0,0.0,0.0,0.0,0.1,0.1,0.1,28.9,0.0,0.0,10.7,12.6,,34.23,36.32,45.0,,,,0,21.3,39.6,43.2,53.8,28.8,LOW,3.5,LOW,28.0,LOW,100.0,VERY_HIGH,0.0,LOW,14.3,LOW,32.7,36.7,32.5,40.3,category_disagreement_error,61.3,14.7,15.0,6.0,3.0,3,5,5,2,3,1,HIGHLY_TRUSTED,GREEN,sentinel_probabilistic_risk_route,79.5,0.999,8.6,Risiko relatif terkendali; keputusan normal masih masuk akal dengan pemantauan berkala.,"Local Signal Analyst: sinyal hujan belum dominan, tetapi tetap membaca tail-risk dari P90/P95. | Uncertainty Auditor: agreement relatif masih dapat diterima untuk keputusan umum. | Decision Judge: mission=safety_first → Risiko relatif terkendali; keputusan normal masih masuk akal dengan pemantauan berkala.","Jika kategori antar-source lebih sepakat, trust level akan naik.",Boleh dipakai untuk rencana umum; tetap bukan peringatan resmi cuaca ekstrem.,Forecast memilih interpretasi ini karena mode atmosfer MIXED_LOCAL_ATMOSPHERE; 7 source aktif.,,34.23,,,,,unavailable,sentinel-x-public-operational-v2,"Bukan peringatan resmi. Untuk cuaca ekstrem, ikuti informasi BMKG dan kondisi setempat.",INSUFFICIENT_DATA_HEURISTIC_MODE,0,transparent_heuristic_until_more_observations,Decision support only; not an official warning.
2026-08-26,13:00,2026-08-26T13:00:00+07:00,54.42,lead_48h_plus,safety_first,generic_hyperlocal,generic_local,MIXED_LOCAL_ATMOSPHERE,HIGH,Cerah,31.0,69.0,7,BMKG+CMA+ECMWF+GFS+ICON+METEOFRANCE+UKMO,1.0,30.8,30.8,30.8,32.7,34.7,35.3,35.3,32.7,0.0,38.0,47.0,55.0,47.0,0.0,0.0,0.0,0.0,0.0,0.1,0.1,0.1,27.6,0.0,0.0,9.0,14.0,,34.7,35.43,45.0,,,,0,20.6,38.5,42.5,52.6,27.7,LOW,3.3,LOW,31.1,LOW,93.7,VERY_HIGH,0.0,LOW,13.9,LOW,31.3,36.1,31.7,39.1,category_disagreement_error,62.6,14.1,14.6,5.8,2.9,3,5,5,3,4,1,HIGHLY_TRUSTED,GREEN,sentinel_probabilistic_risk_route,80.9,0.999,0.0,Risiko relatif terkendali; keputusan normal masih masuk akal dengan pemantauan berkala.,"Local Signal Analyst: sinyal hujan belum dominan, tetapi tetap membaca tail-risk dari P90/P95. | Uncertainty Auditor: agreement relatif masih dapat diterima untuk keputusan umum. | Decision Judge: mission=safety_first → Risiko relatif terkendali; keputusan normal masih masuk akal dengan pemantauan berkala.","Jika kategori antar-source lebih sepakat, trust level akan naik.",Boleh dipakai untuk rencana umum; tetap bukan peringatan resmi cuaca ekstrem.,Forecast memilih interpretasi ini karena mode atmosfer MIXED_LOCAL_ATMOSPHERE; 7 source aktif.,,34.7,,,,,unavailable,sentinel-x-public-operational-v2,"Bukan peringatan resmi. Untuk cuaca ekstrem, ikuti informasi BMKG dan kondisi setempat.",INSUFFICIENT_DATA_HEURISTIC_MODE,0,transparent_heuristic_until_more_observations,Decision support only; not an official warning.
2026-08-26,14:00,2026-08-26T14:00:00+07:00,55.42,lead_48h_plus,safety_first,generic_hyperlocal,generic_local,STABLE_LOW_RAIN,HIGH,Cerah Berawan,57.7,42.3,7,BMKG+CMA+ECMWF+GFS+ICON+METEOFRANCE+UKMO,1.0,30.7,30.7,31.0,33.2,34.0,35.3,35.3,33.2,0.0,37.0,44.0,56.0,44.0,0.0,0.0,0.0,0.0,0.0,0.0,0.1,0.1,14.4,0.0,0.0,9.1,13.9,,34.0,35.3,45.0,,,,0,15.2,27.6,32.0,35.9,18.9,LOW,2.6,LOW,30.9,LOW,92.2,VERY_HIGH,0.0,LOW,13.3,LOW,23.4,28.6,23.7,27.3,low_failure_risk_non_rain,76.4,9.0,8.6,3.5,2.5,4,6,7,4,5,2,HIGHLY_TRUSTED,GREEN,sentinel_probabilistic_risk_route,86.7,0.999,8.6,Risiko relatif terkendali; keputusan normal masih masuk akal dengan pemantauan berkala.,"Local Signal Analyst: sinyal hujan belum dominan, tetapi tetap membaca tail-risk dari P90/P95. | Uncertainty Auditor: agreement relatif masih dapat diterima untuk keputusan umum. | Decision Judge: mission=safety_first → Risiko relatif terkendali; keputusan normal masih masuk akal dengan pemantauan berkala.",Faktor pengubah utama belum dominan; forecast relatif dikendalikan oleh consensus source.,Boleh dipakai untuk rencana umum; tetap bukan peringatan resmi cuaca ekstrem.,Forecast memilih interpretasi ini karena mode atmosfer STABLE_LOW_RAIN; 7 source aktif.,,34.0,,,,,unavailable,sentinel-x-public-operational-v2,"Bukan peringatan resmi. Untuk cuaca ekstrem, ikuti informasi BMKG dan kondisi setempat.",INSUFFICIENT_DATA_HEURISTIC_MODE,0,transparent_heuristic_until_more_observations,Decision support only; not an official warning.
2026-08-26,15:00,2026-08-26T15:00:00+07:00,56.42,lead_48h_plus,safety_first,generic_hyperlocal,generic_local,STABLE_LOW_RAIN,HIGH,Cerah Berawan,43.3,56.7,7,BMKG+CMA+ECMWF+GFS+ICON+METEOFRANCE+UKMO,1.0,30.0,30.0,30.3,31.1,33.9,35.5,35.5,31.1,0.0,36.0,52.0,60.0,52.0,0.0,0.0,0.0,0.0,0.0,0.0,0.0,0.0,0.0,0.0,0.0,11.2,14.1,,33.63,35.5,45.0,,,,0,10.8,25.0,34.4,42.9,13.6,LOW,2.8,LOW,31.3,LOW,94.4,VERY_HIGH,0.0,LOW,14.9,LOW,28.0,32.1,25.1,32.3,low_failure_risk_non_rain,85.5,6.5,3.8,1.3,2.9,4,6,7,4,6,3,HIGHLY_TRUSTED,GREEN,sentinel_probabilistic_risk_route,82.8,0.999,8.6,Risiko relatif terkendali; keputusan normal masih masuk akal dengan pemantauan berkala.,"Local Signal Analyst: sinyal hujan belum dominan, tetapi tetap membaca tail-risk dari P90/P95. | Uncertainty Auditor: agreement relatif masih dapat diterima untuk keputusan umum. | Decision Judge: mission=safety_first → Risiko relatif terkendali; keputusan normal masih masuk akal dengan pemantauan berkala.","Jika kategori antar-source lebih sepakat, trust level akan naik.",Boleh dipakai untuk rencana umum; tetap bukan peringatan resmi cuaca ekstrem.,Forecast memilih interpretasi ini karena mode atmosfer STABLE_LOW_RAIN; 7 source aktif.,,33.63,,,,,unavailable,sentinel-x-public-operational-v2,"Bukan peringatan resmi. Untuk cuaca ekstrem, ikuti informasi BMKG dan kondisi setempat.",INSUFFICIENT_DATA_HEURISTIC_MODE,0,transparent_heuristic_until_more_observations,Decision support only; not an official warning.
2026-08-26,16:00,2026-08-26T16:00:00+07:00,57.42,lead_48h_plus,safety_first,generic_hyperlocal,generic_local,STABLE_LOW_RAIN,HIGH,Cerah,58.6,41.4,7,BMKG+CMA+ECMWF+GFS+ICON+METEOFRANCE+UKMO,1.0,27.9,27.9,29.4,30.6,33.6,35.2,35.2,30.6,0.0,36.0,52.0,66.0,52.0,0.0,0.0,0.0,0.0,0.0,0.0,0.1,0.1,13.8,0.0,0.0,11.2,16.6,,33.35,35.2,15.0,,,,0,16.1,28.4,31.9,35.5,20.0,LOW,2.5,LOW,36.9,MEDIUM,91.1,VERY_HIGH,0.0,LOW,11.9,LOW,22.6,28.6,23.4,26.8,low_failure_risk_non_rain,77.2,8.7,8.4,3.3,2.4,4,5,6,4,6,2,HIGHLY_TRUSTED,GREEN,sentinel_probabilistic_risk_route,87.2,0.999,0.0,Risiko relatif terkendali; keputusan normal masih masuk akal dengan pemantauan berkala.,"Local Signal Analyst: sinyal hujan belum dominan, tetapi tetap membaca tail-risk dari P90/P95. | Uncertainty Auditor: agreement relatif masih dapat diterima untuk keputusan umum. | Decision Judge: mission=safety_first → Risiko relatif terkendali; keputusan normal masih masuk akal dengan pemantauan berkala.",Faktor pengubah utama belum dominan; forecast relatif dikendalikan oleh consensus source.,Boleh dipakai untuk rencana umum; tetap bukan peringatan resmi cuaca ekstrem.,Forecast memilih interpretasi ini karena mode atmosfer STABLE_LOW_RAIN; 7 source aktif.,,33.35,,,,,unavailable,sentinel-x-public-operational-v2,"Bukan peringatan resmi. Untuk cuaca ekstrem, ikuti informasi BMKG dan kondisi setempat.",INSUFFICIENT_DATA_HEURISTIC_MODE,0,transparent_heuristic_until_more_observations,Decision support only; not an official warning.
2026-08-26,17:00,2026-08-26T17:00:00+07:00,58.42,lead_48h_plus,safety_first,generic_hyperlocal,generic_local,MIXED_LOCAL_ATMOSPHERE,HIGH,Hujan Ringan,43.3,56.7,7,BMKG+CMA+ECMWF+GFS+ICON+METEOFRANCE+UKMO,1.0,26.2,26.2,27.9,30.0,32.9,34.4,34.4,30.0,0.0,38.0,52.0,75.0,52.0,0.0,0.0,0.0,0.0,0.0,0.2,0.4,0.4,43.3,0.0,0.0,11.2,14.0,,32.45,34.4,75.0,,,,0,27.3,44.4,41.8,47.5,36.5,MEDIUM,3.8,LOW,31.1,LOW,82.2,VERY_HIGH,0.0,LOW,17.9,LOW,29.3,35.1,32.3,36.3,general_uncertainty,49.9,17.0,21.8,8.7,2.6,3,4,4,2,1,1,HIGHLY_TRUSTED,GREEN,sentinel_probabilistic_risk_route,82.0,0.999,8.6,Risiko relatif terkendali; keputusan normal masih masuk akal dengan pemantauan berkala.,"Local Signal Analyst: sinyal hujan belum dominan, tetapi tetap membaca tail-risk dari P90/P95. | Uncertainty Auditor: agreement relatif masih dapat diterima untuk keputusan umum. | Decision Judge: mission=safety_first → Risiko relatif terkendali; keputusan normal masih masuk akal dengan pemantauan berkala.","Jika kategori antar-source lebih sepakat, trust level akan naik.",Boleh dipakai untuk rencana umum; tetap bukan peringatan resmi cuaca ekstrem.,Forecast memilih interpretasi ini karena mode atmosfer MIXED_LOCAL_ATMOSPHERE; 7 source aktif.,,32.45,,,,,unavailable,sentinel-x-public-operational-v2,"Bukan peringatan resmi. Untuk cuaca ekstrem, ikuti informasi BMKG dan kondisi setempat.",INSUFFICIENT_DATA_HEURISTIC_MODE,0,transparent_heuristic_until_more_observations,Decision support only; not an official warning.
2026-08-26,18:00,2026-08-26T18:00:00+07:00,59.42,lead_48h_plus,safety_first,generic_hyperlocal,generic_local,MIXED_LOCAL_ATMOSPHERE,HIGH,Hujan Ringan,43.3,56.7,7,BMKG+CMA+ECMWF+GFS+ICON+METEOFRANCE+UKMO,1.0,25.0,25.0,25.2,28.0,30.0,33.1,33.1,28.0,0.0,42.0,72.0,85.0,72.0,0.0,0.0,0.0,0.0,0.0,0.1,0.4,0.4,43.3,0.0,0.0,10.9,21.3,,30.94,34.39,45.0,,,,0,29.9,46.9,41.9,47.5,40.1,MEDIUM,3.8,LOW,47.3,MEDIUM,82.1,VERY_HIGH,0.0,LOW,18.9,LOW,29.4,35.4,32.4,36.4,general_uncertainty,49.8,17.1,21.8,8.7,2.6,3,3,4,2,2,1,HIGHLY_TRUSTED,GREEN,sentinel_probabilistic_risk_route,81.9,0.999,8.6,Risiko relatif terkendali; keputusan normal masih masuk akal dengan pemantauan berkala.,"Local Signal Analyst: sinyal hujan belum dominan, tetapi tetap membaca tail-risk dari P90/P95. | Uncertainty Auditor: agreement relatif masih dapat diterima untuk keputusan umum. | Decision Judge: mission=safety_first → Risiko relatif terkendali; keputusan normal masih masuk akal dengan pemantauan berkala.","Jika kategori antar-source lebih sepakat, trust level akan naik.",Boleh dipakai untuk rencana umum; tetap bukan peringatan resmi cuaca ekstrem.,Forecast memilih interpretasi ini karena mode atmosfer MIXED_LOCAL_ATMOSPHERE; 7 source aktif.,,30.94,,,,,unavailable,sentinel-x-public-operational-v2,"Bukan peringatan resmi. Untuk cuaca ekstrem, ikuti informasi BMKG dan kondisi setempat.",INSUFFICIENT_DATA_HEURISTIC_MODE,0,transparent_heuristic_until_more_observations,Decision support only; not an official warning.
2026-08-26,19:00,2026-08-26T19:00:00+07:00,60.42,lead_48h_plus,safety_first,generic_hyperlocal,generic_local,MIXED_LOCAL_ATMOSPHERE,HIGH,Cerah Berawan,41.4,58.6,7,BMKG+CMA+ECMWF+GFS+ICON+METEOFRANCE+UKMO,1.0,24.0,24.0,24.4,26.7,27.6,31.8,31.8,26.7,0.0,46.0,80.0,93.0,80.0,0.0,0.0,0.0,0.0,0.0,0.1,0.4,0.4,41.4,0.0,0.0,10.7,24.0,,29.09,33.12,45.0,,,,0,30.3,47.5,42.3,48.5,40.7,MEDIUM,3.8,LOW,53.3,MEDIUM,73.0,HIGH,0.0,LOW,20.5,LOW,29.3,35.8,32.5,36.8,general_uncertainty,51.3,16.7,21.0,8.4,2.6,3,3,4,2,2,1,HIGHLY_TRUSTED,GREEN,sentinel_probabilistic_risk_route,82.6,0.999,0.0,Risiko relatif terkendali; keputusan normal masih masuk akal dengan pemantauan berkala.,"Local Signal Analyst: sinyal hujan belum dominan, tetapi tetap membaca tail-risk dari P90/P95. | Uncertainty Auditor: agreement relatif masih dapat diterima untuk keputusan umum. | Decision Judge: mission=safety_first → Risiko relatif terkendali; keputusan normal masih masuk akal dengan pemantauan berkala.","Jika kategori antar-source lebih sepakat, trust level akan naik.",Boleh dipakai untuk rencana umum; tetap bukan peringatan resmi cuaca ekstrem.,Forecast memilih interpretasi ini karena mode atmosfer MIXED_LOCAL_ATMOSPHERE; 7 source aktif.,,29.09,,,,,unavailable,sentinel-x-public-operational-v2,"Bukan peringatan resmi. Untuk cuaca ekstrem, ikuti informasi BMKG dan kondisi setempat.",INSUFFICIENT_DATA_HEURISTIC_MODE,0,transparent_heuristic_until_more_observations,Decision support only; not an official warning.
2026-08-26,20:00,2026-08-26T20:00:00+07:00,61.42,lead_48h_plus,safety_first,generic_hyperlocal,generic_local,STABLE_LOW_RAIN,HIGH,Cerah Berawan,57.7,42.3,7,BMKG+CMA+ECMWF+GFS+ICON+METEOFRANCE+UKMO,1.0,23.6,23.6,23.7,25.8,26.7,30.6,30.6,25.8,0.0,51.0,81.0,96.0,81.0,0.0,0.0,0.0,0.0,0.0,0.0,0.0,0.0,0.0,0.0,0.0,8.6,23.5,,25.8,32.15,45.0,,,,0,14.8,26.4,30.4,34.9,18.1,LOW,2.4,LOW,52.2,MEDIUM,63.2,HIGH,0.0,LOW,20.7,LOW,24.0,29.3,22.3,26.8,low_failure_risk_non_rain,86.4,5.7,4.0,1.3,2.6,5,5,7,5,5,4,HIGHLY_TRUSTED,GREEN,sentinel_probabilistic_risk_route,86.3,0.999,8.6,Risiko relatif terkendali; keputusan normal masih masuk akal dengan pemantauan berkala.,"Local Signal Analyst: sinyal hujan belum dominan, tetapi tetap membaca tail-risk dari P90/P95. | Uncertainty Auditor: agreement relatif masih dapat diterima untuk keputusan umum. | Decision Judge: mission=safety_first → Risiko relatif terkendali; keputusan normal masih masuk akal dengan pemantauan berkala.",Faktor pengubah utama belum dominan; forecast relatif dikendalikan oleh consensus source.,Boleh dipakai untuk rencana umum; tetap bukan peringatan resmi cuaca ekstrem.,Forecast memilih interpretasi ini karena mode atmosfer STABLE_LOW_RAIN; 7 source aktif.,,25.8,,,,,unavailable,sentinel-x-public-operational-v2,"Bukan peringatan resmi. Untuk cuaca ekstrem, ikuti informasi BMKG dan kondisi setempat.",INSUFFICIENT_DATA_HEURISTIC_MODE,0,transparent_heuristic_until_more_observations,Decision support only; not an official warning.
2026-08-26,21:00,2026-08-26T21:00:00+07:00,62.42,lead_48h_plus,safety_first,generic_hyperlocal,generic_local,STABLE_LOW_RAIN,HIGH,Cerah,56.7,43.3,7,BMKG+CMA+ECMWF+GFS+ICON+METEOFRANCE+UKMO,1.0,23.2,23.2,23.4,25.0,26.2,29.4,29.4,25.0,0.0,58.0,86.0,95.0,86.0,0.0,0.0,0.0,0.0,0.0,0.0,0.0,0.0,0.0,0.0,0.0,6.2,19.7,,25.0,31.39,15.0,,,,0,15.5,27.2,30.8,35.5,19.0,LOW,2.5,LOW,43.8,MEDIUM,59.8,MEDIUM,0.0,LOW,18.7,LOW,24.5,29.8,22.7,27.4,low_failure_risk_non_rain,86.3,5.8,4.0,1.3,2.6,5,5,7,5,6,4,HIGHLY_TRUSTED,GREEN,sentinel_probabilistic_risk_route,85.8,0.999,8.6,Risiko relatif terkendali; keputusan normal masih masuk akal dengan pemantauan berkala.,"Local Signal Analyst: sinyal hujan belum dominan, tetapi tetap membaca tail-risk dari P90/P95. | Uncertainty Auditor: agreement relatif masih dapat diterima untuk keputusan umum. | Decision Judge: mission=safety_first → Risiko relatif terkendali; keputusan normal masih masuk akal dengan pemantauan berkala.","Jika RH turun ±10%, rain support kemungkinan turun signifikan.",Boleh dipakai untuk rencana umum; tetap bukan peringatan resmi cuaca ekstrem.,Forecast memilih interpretasi ini karena mode atmosfer STABLE_LOW_RAIN; 7 source aktif.,,25.0,,,,,unavailable,sentinel-x-public-operational-v2,"Bukan peringatan resmi. Untuk cuaca ekstrem, ikuti informasi BMKG dan kondisi setempat.",INSUFFICIENT_DATA_HEURISTIC_MODE,0,transparent_heuristic_until_more_observations,Decision support only; not an official warning.
2026-08-26,22:00,2026-08-26T22:00:00+07:00,63.42,lead_48h_plus,safety_first,generic_hyperlocal,generic_local,STABLE_LOW_RAIN,HIGH,Cerah,58.6,41.4,7,BMKG+CMA+ECMWF+GFS+ICON+METEOFRANCE+UKMO,1.0,22.8,22.8,23.3,24.4,25.8,28.5,28.5,24.4,0.0,63.0,86.0,97.0,86.0,0.0,0.0,0.0,0.0,0.0,0.0,0.0,0.0,0.0,0.0,0.0,5.8,16.7,,24.4,30.62,15.0,,,,0,15.4,26.9,30.3,34.5,18.9,LOW,2.3,LOW,37.1,MEDIUM,51.2,MEDIUM,0.0,LOW,18.7,LOW,23.2,29.2,22.1,26.3,low_failure_risk_non_rain,86.6,5.6,4.0,1.3,2.5,5,5,7,6,6,4,HIGHLY_TRUSTED,GREEN,sentinel_probabilistic_risk_route,87.6,0.999,0.0,Risiko relatif terkendali; keputusan normal masih masuk akal dengan pemantauan berkala.,"Local Signal Analyst: sinyal hujan belum dominan, tetapi tetap membaca tail-risk dari P90/P95. | Uncertainty Auditor: agreement relatif masih dapat diterima untuk keputusan umum. | Decision Judge: mission=safety_first → Risiko relatif terkendali; keputusan normal masih masuk akal dengan pemantauan berkala.","Jika RH turun ±10%, rain support kemungkinan turun signifikan.",Boleh dipakai untuk rencana umum; tetap bukan peringatan resmi cuaca ekstrem.,Forecast memilih interpretasi ini karena mode atmosfer STABLE_LOW_RAIN; 7 source aktif.,,24.4,,,,,unavailable,sentinel-x-public-operational-v2,"Bukan peringatan resmi. Untuk cuaca ekstrem, ikuti informasi BMKG dan kondisi setempat.",INSUFFICIENT_DATA_HEURISTIC_MODE,0,transparent_heuristic_until_more_observations,Decision support only; not an official warning.
2026-08-26,23:00,2026-08-26T23:00:00+07:00,64.42,lead_48h_plus,safety_first,generic_hyperlocal,generic_local,STABLE_LOW_RAIN,HIGH,Cerah,42.3,57.7,7,BMKG+CMA+ECMWF+GFS+ICON+METEOFRANCE+UKMO,1.0,22.3,22.3,23.0,24.1,25.2,27.9,27.9,24.1,0.0,67.0,86.0,98.0,86.0,0.0,0.0,0.0,0.0,0.0,0.0,0.1,0.1,14.4,0.0,0.0,4.0,14.9,,24.1,30.1,45.0,,,,0,21.1,36.3,38.0,45.5,27.4,LOW,3.2,LOW,33.1,LOW,45.4,MEDIUM,0.0,LOW,21.7,LOW,29.8,35.1,28.8,34.9,low_failure_risk_non_rain,75.0,10.6,8.1,3.3,3.0,5,5,5,5,4,4,HIGHLY_TRUSTED,GREEN,sentinel_probabilistic_risk_route,82.5,0.999,8.6,Risiko relatif terkendali; keputusan normal masih masuk akal dengan pemantauan berkala.,"Local Signal Analyst: sinyal hujan belum dominan, tetapi tetap membaca tail-risk dari P90/P95. | Uncertainty Auditor: agreement relatif masih dapat diterima untuk keputusan umum. | Decision Judge: mission=safety_first → Risiko relatif terkendali; keputusan normal masih masuk akal dengan pemantauan berkala.","Jika RH turun ±10%, rain support kemungkinan turun signifikan. Jika kategori antar-source lebih sepakat, trust level akan naik.",Boleh dipakai untuk rencana umum; tetap bukan peringatan resmi cuaca ekstrem.,Forecast memilih interpretasi ini karena mode atmosfer STABLE_LOW_RAIN; 7 source aktif.,,24.1,,,,,unavailable,sentinel-x-public-operational-v2,"Bukan peringatan resmi. Untuk cuaca ekstrem, ikuti informasi BMKG dan kondisi setempat.",INSUFFICIENT_DATA_HEURISTIC_MODE,0,transparent_heuristic_until_more_observations,Decision support only; not an official warning.
