valid_time_wib,source_datetime,kategori,suhu_C,RH_%,wind_kmh,raw_condition
2026-10-03T07:00:00+07:00,2026-10-03 07:00:00,Berawan,18.0,95.0,0.7,Berawan
2026-10-03T10:00:00+07:00,2026-10-03 10:00:00,Hujan Ringan,20.0,85.0,2.8,Hujan Ringan
2026-10-03T13:00:00+07:00,2026-10-03 13:00:00,Hujan Ringan,19.0,93.0,6.7,Hujan Ringan
2026-10-03T16:00:00+07:00,2026-10-03 16:00:00,Berawan,18.0,97.0,5.0,Berawan
2026-10-03T19:00:00+07:00,2026-10-03 19:00:00,Berawan,17.0,96.0,3.1,Berawan
2026-10-03T22:00:00+07:00,2026-10-03 22:00:00,Berawan,16.0,93.0,2.2,Berawan
2026-10-04T01:00:00+07:00,2026-10-04 01:00:00,Berawan,16.0,95.0,1.6,Berawan
2026-10-04T04:00:00+07:00,2026-10-04 04:00:00,Berawan,16.0,95.0,0.6,Berawan
2026-10-04T07:00:00+07:00,2026-10-04 07:00:00,Berawan,18.0,94.0,1.0,Berawan
2026-10-04T10:00:00+07:00,2026-10-04 10:00:00,Berawan,22.0,70.0,1.3,Berawan
2026-10-04T13:00:00+07:00,2026-10-04 13:00:00,Berawan,21.0,79.0,1.8,Berawan
2026-10-04T16:00:00+07:00,2026-10-04 16:00:00,Berawan,19.0,90.0,4.3,Berawan
2026-10-04T19:00:00+07:00,2026-10-04 19:00:00,Berawan,17.0,97.0,2.3,Berawan
2026-10-04T22:00:00+07:00,2026-10-04 22:00:00,Berawan,16.0,98.0,0.4,Berawan
2026-10-05T01:00:00+07:00,2026-10-05 01:00:00,Berawan,16.0,98.0,1.2,Berawan
2026-10-05T04:00:00+07:00,2026-10-05 04:00:00,Cerah Berawan,16.0,97.0,1.2,Cerah Berawan
2026-10-05T07:00:00+07:00,2026-10-05 07:00:00,Cerah,19.0,91.0,1.0,Cerah
2026-10-05T10:00:00+07:00,2026-10-05 10:00:00,Cerah Berawan,22.0,70.0,1.3,Cerah Berawan
2026-10-05T13:00:00+07:00,2026-10-05 13:00:00,Berawan,20.0,89.0,1.3,Berawan
2026-10-05T16:00:00+07:00,2026-10-05 16:00:00,Berawan,19.0,93.0,0.6,Berawan
2026-10-05T19:00:00+07:00,2026-10-05 19:00:00,Berawan,17.0,97.0,0.6,Berawan
2026-10-05T22:00:00+07:00,2026-10-05 22:00:00,Berawan,16.0,96.0,1.9,Berawan
