date_wib,source_id,rain_daily_mm,hours_available,hour_coverage_pct
2026-09-29,CMA,8.851301381267655,14,58.333333333333336
2026-09-29,ECMWF,23.499999999999996,14,58.333333333333336
2026-09-29,GFS,15.276254069280274,14,58.333333333333336
2026-09-29,ICON,14.841644200564996,14,58.333333333333336
2026-09-29,METEOFRANCE,16.999999999999996,14,58.333333333333336
2026-09-29,UKMO,28.899999999999995,14,58.333333333333336
2026-09-30,CMA,7.322670993379219,24,100.0
2026-09-30,ECMWF,6.8,24,100.0
2026-09-30,GFS,21.00569902337273,24,100.0
2026-09-30,ICON,2.696472790916326,24,100.0
2026-09-30,METEOFRANCE,3.1999999999999997,24,100.0
2026-09-30,UKMO,1.4999999999999998,24,100.0
2026-10-01,CMA,9.403527209083672,24,100.0
2026-10-01,ECMWF,3.899999999999999,24,100.0
2026-10-01,GFS,11.632294465778823,24,100.0
2026-10-01,ICON,2.418219337747186,24,100.0
2026-10-01,METEOFRANCE,1.2,24,100.0
2026-10-01,UKMO,2.0999999999999996,24,100.0
2026-10-02,CMA,2.2643151939442174,10,41.66666666666667
2026-10-02,ECMWF,0.0,10,41.66666666666667
2026-10-02,GFS,0.8981003255424219,10,41.66666666666667
2026-10-02,ICON,0.0,10,41.66666666666667
2026-10-02,METEOFRANCE,0.0,10,41.66666666666667
2026-10-02,UKMO,0.0,10,41.66666666666667
