period_start_wib,source_id,rain_3h_mm,hours_available,period_end_wib,period_complete
2026-10-06 06:00:00+07:00,CMA,4.401678315986951,2,2026-10-06 09:00:00+07:00,False
2026-10-06 06:00:00+07:00,ECMWF,0.5999999999999999,2,2026-10-06 09:00:00+07:00,False
2026-10-06 06:00:00+07:00,GFS,10.242742675295503,2,2026-10-06 09:00:00+07:00,False
2026-10-06 06:00:00+07:00,ICON,0.07565069063382808,2,2026-10-06 09:00:00+07:00,False
2026-10-06 06:00:00+07:00,METEOFRANCE,0.09999999999999999,2,2026-10-06 09:00:00+07:00,False
2026-10-06 06:00:00+07:00,UKMO,0.0,2,2026-10-06 09:00:00+07:00,False
2026-10-06 09:00:00+07:00,CMA,5.105205525070625,3,2026-10-06 12:00:00+07:00,True
2026-10-06 09:00:00+07:00,ECMWF,0.7999999999999998,3,2026-10-06 12:00:00+07:00,True
2026-10-06 09:00:00+07:00,GFS,0.29810032554242194,3,2026-10-06 12:00:00+07:00,True
2026-10-06 09:00:00+07:00,ICON,0.9808562157044527,3,2026-10-06 12:00:00+07:00,True
2026-10-06 09:00:00+07:00,METEOFRANCE,0.0,3,2026-10-06 12:00:00+07:00,True
2026-10-06 09:00:00+07:00,UKMO,0.29999999999999993,3,2026-10-06 12:00:00+07:00,True
2026-10-06 12:00:00+07:00,CMA,7.780856215704452,3,2026-10-06 15:00:00+07:00,True
2026-10-06 12:00:00+07:00,ECMWF,1.2,3,2026-10-06 15:00:00+07:00,True
2026-10-06 12:00:00+07:00,GFS,0.8952508138560549,3,2026-10-06 15:00:00+07:00,True
2026-10-06 12:00:00+07:00,ICON,6.692191712394062,3,2026-10-06 15:00:00+07:00,True
2026-10-06 12:00:00+07:00,METEOFRANCE,2.4999999999999996,3,2026-10-06 15:00:00+07:00,True
2026-10-06 12:00:00+07:00,UKMO,65.49999999999997,3,2026-10-06 15:00:00+07:00,True
2026-10-06 15:00:00+07:00,CMA,5.322670993379219,3,2026-10-06 18:00:00+07:00,True
2026-10-06 15:00:00+07:00,ECMWF,1.7999999999999998,3,2026-10-06 18:00:00+07:00,True
2026-10-06 15:00:00+07:00,GFS,6.868655371449962,3,2026-10-06 18:00:00+07:00,True
2026-10-06 15:00:00+07:00,ICON,7.651301381267654,3,2026-10-06 18:00:00+07:00,True
2026-10-06 15:00:00+07:00,METEOFRANCE,4.8,3,2026-10-06 18:00:00+07:00,True
2026-10-06 15:00:00+07:00,UKMO,19.499999999999996,3,2026-10-06 18:00:00+07:00,True
2026-10-06 18:00:00+07:00,CMA,3.3687668495762515,3,2026-10-06 21:00:00+07:00,True
2026-10-06 18:00:00+07:00,ECMWF,0.39999999999999997,3,2026-10-06 21:00:00+07:00,True
2026-10-06 18:00:00+07:00,GFS,7.077203906509063,3,2026-10-06 21:00:00+07:00,True
2026-10-06 18:00:00+07:00,ICON,0.47825345316914036,3,2026-10-06 21:00:00+07:00,True
2026-10-06 18:00:00+07:00,METEOFRANCE,6.799999999999999,3,2026-10-06 21:00:00+07:00,True
2026-10-06 18:00:00+07:00,UKMO,2.999999999999999,3,2026-10-06 21:00:00+07:00,True
2026-10-06 21:00:00+07:00,CMA,1.2104110501412493,3,2026-10-07 00:00:00+07:00,True
2026-10-06 21:00:00+07:00,ECMWF,0.0,3,2026-10-07 00:00:00+07:00,True
2026-10-06 21:00:00+07:00,GFS,1.5981003255424218,3,2026-10-07 00:00:00+07:00,True
2026-10-06 21:00:00+07:00,ICON,0.0,3,2026-10-07 00:00:00+07:00,True
2026-10-06 21:00:00+07:00,METEOFRANCE,2.0999999999999996,3,2026-10-07 00:00:00+07:00,True
2026-10-06 21:00:00+07:00,UKMO,0.6999999999999998,3,2026-10-07 00:00:00+07:00,True
2026-10-07 00:00:00+07:00,CMA,0.0,3,2026-10-07 03:00:00+07:00,True
2026-10-07 00:00:00+07:00,ECMWF,0.0,3,2026-10-07 03:00:00+07:00,True
2026-10-07 00:00:00+07:00,GFS,0.49525081385605496,3,2026-10-07 03:00:00+07:00,True
2026-10-07 00:00:00+07:00,ICON,0.0,3,2026-10-07 03:00:00+07:00,True
2026-10-07 00:00:00+07:00,METEOFRANCE,0.8999999999999999,3,2026-10-07 03:00:00+07:00,True
2026-10-07 00:00:00+07:00,UKMO,0.0,3,2026-10-07 03:00:00+07:00,True
2026-10-07 03:00:00+07:00,CMA,0.0,3,2026-10-07 06:00:00+07:00,True
2026-10-07 03:00:00+07:00,ECMWF,0.09999999999999999,3,2026-10-07 06:00:00+07:00,True
2026-10-07 03:00:00+07:00,GFS,0.297150488313633,3,2026-10-07 06:00:00+07:00,True
2026-10-07 03:00:00+07:00,ICON,0.0,3,2026-10-07 06:00:00+07:00,True
2026-10-07 03:00:00+07:00,METEOFRANCE,0.5999999999999999,3,2026-10-07 06:00:00+07:00,True
2026-10-07 03:00:00+07:00,UKMO,0.0,3,2026-10-07 06:00:00+07:00,True
2026-10-07 06:00:00+07:00,CMA,0.07304792809851575,3,2026-10-07 09:00:00+07:00,True
2026-10-07 06:00:00+07:00,ECMWF,0.39999999999999997,3,2026-10-07 09:00:00+07:00,True
2026-10-07 06:00:00+07:00,GFS,0.0,3,2026-10-07 09:00:00+07:00,True
2026-10-07 06:00:00+07:00,ICON,0.0,3,2026-10-07 09:00:00+07:00,True
2026-10-07 06:00:00+07:00,METEOFRANCE,0.19999999999999998,3,2026-10-07 09:00:00+07:00,True
2026-10-07 06:00:00+07:00,UKMO,0.0,3,2026-10-07 09:00:00+07:00,True
2026-10-07 09:00:00+07:00,CMA,0.8947944749293751,3,2026-10-07 12:00:00+07:00,True
2026-10-07 09:00:00+07:00,ECMWF,1.5999999999999996,3,2026-10-07 12:00:00+07:00,True
2026-10-07 09:00:00+07:00,GFS,1.9933511393984769,3,2026-10-07 12:00:00+07:00,True
2026-10-07 09:00:00+07:00,ICON,0.17565069063382807,3,2026-10-07 12:00:00+07:00,True
2026-10-07 09:00:00+07:00,METEOFRANCE,0.3,3,2026-10-07 12:00:00+07:00,True
2026-10-07 09:00:00+07:00,UKMO,1.2000000000000002,3,2026-10-07 12:00:00+07:00,True
2026-10-07 12:00:00+07:00,CMA,1.7973972374646872,3,2026-10-07 15:00:00+07:00,True
2026-10-07 12:00:00+07:00,ECMWF,4.6,3,2026-10-07 15:00:00+07:00,True
2026-10-07 12:00:00+07:00,GFS,6.004749186143943,3,2026-10-07 15:00:00+07:00,True
2026-10-07 12:00:00+07:00,ICON,4.8643151939442175,3,2026-10-07 15:00:00+07:00,True
2026-10-07 12:00:00+07:00,METEOFRANCE,4.6,3,2026-10-07 15:00:00+07:00,True
2026-10-07 12:00:00+07:00,UKMO,96.1,3,2026-10-07 15:00:00+07:00,True
2026-10-07 15:00:00+07:00,CMA,1.403527209083673,3,2026-10-07 18:00:00+07:00,True
2026-10-07 15:00:00+07:00,ECMWF,5.5,3,2026-10-07 18:00:00+07:00,True
2026-10-07 15:00:00+07:00,GFS,8.095250813856055,3,2026-10-07 18:00:00+07:00,True
2026-10-07 15:00:00+07:00,ICON,4.651301381267656,3,2026-10-07 18:00:00+07:00,True
2026-10-07 15:00:00+07:00,METEOFRANCE,7.3999999999999995,3,2026-10-07 18:00:00+07:00,True
2026-10-07 15:00:00+07:00,UKMO,82.49999999999999,3,2026-10-07 18:00:00+07:00,True
2026-10-07 18:00:00+07:00,CMA,2.3531502743643777,3,2026-10-07 21:00:00+07:00,True
2026-10-07 18:00:00+07:00,ECMWF,2.2,3,2026-10-07 21:00:00+07:00,True
2026-10-07 18:00:00+07:00,GFS,8.61804690734699,3,2026-10-07 21:00:00+07:00,True
2026-10-07 18:00:00+07:00,ICON,0.17565069063382807,3,2026-10-07 21:00:00+07:00,True
2026-10-07 18:00:00+07:00,METEOFRANCE,5.4,3,2026-10-07 21:00:00+07:00,True
2026-10-07 18:00:00+07:00,UKMO,9.099999999999998,3,2026-10-07 21:00:00+07:00,True
2026-10-07 21:00:00+07:00,CMA,3.535684806055782,3,2026-10-08 00:00:00+07:00,True
2026-10-07 21:00:00+07:00,ECMWF,0.0,3,2026-10-08 00:00:00+07:00,True
2026-10-07 21:00:00+07:00,GFS,3.609498372287889,3,2026-10-08 00:00:00+07:00,True
2026-10-07 21:00:00+07:00,ICON,0.0,3,2026-10-08 00:00:00+07:00,True
2026-10-07 21:00:00+07:00,METEOFRANCE,0.7999999999999999,3,2026-10-08 00:00:00+07:00,True
2026-10-07 21:00:00+07:00,UKMO,1.5,3,2026-10-08 00:00:00+07:00,True
2026-10-08 00:00:00+07:00,CMA,4.963561324505627,3,2026-10-08 03:00:00+07:00,True
2026-10-08 00:00:00+07:00,ECMWF,0.0,3,2026-10-08 03:00:00+07:00,True
2026-10-08 00:00:00+07:00,GFS,8.391451464940898,3,2026-10-08 03:00:00+07:00,True
2026-10-08 00:00:00+07:00,ICON,0.0,3,2026-10-08 03:00:00+07:00,True
2026-10-08 00:00:00+07:00,METEOFRANCE,0.29999999999999993,3,2026-10-08 03:00:00+07:00,True
2026-10-08 00:00:00+07:00,UKMO,0.0,3,2026-10-08 03:00:00+07:00,True
2026-10-08 03:00:00+07:00,CMA,2.045341986758441,3,2026-10-08 06:00:00+07:00,True
2026-10-08 03:00:00+07:00,ECMWF,0.0,3,2026-10-08 06:00:00+07:00,True
2026-10-08 03:00:00+07:00,GFS,12.197150488313632,3,2026-10-08 06:00:00+07:00,True
2026-10-08 03:00:00+07:00,ICON,0.0,3,2026-10-08 06:00:00+07:00,True
2026-10-08 03:00:00+07:00,METEOFRANCE,0.0,3,2026-10-08 06:00:00+07:00,True
2026-10-08 03:00:00+07:00,UKMO,0.0,3,2026-10-08 06:00:00+07:00,True
2026-10-08 06:00:00+07:00,CMA,0.6574313528866418,3,2026-10-08 09:00:00+07:00,True
2026-10-08 06:00:00+07:00,ECMWF,0.09999999999999999,3,2026-10-08 09:00:00+07:00,True
2026-10-08 06:00:00+07:00,GFS,0.20094983722878898,3,2026-10-08 09:00:00+07:00,True
2026-10-08 06:00:00+07:00,ICON,0.0,3,2026-10-08 09:00:00+07:00,True
2026-10-08 06:00:00+07:00,METEOFRANCE,0.0,3,2026-10-08 09:00:00+07:00,True
2026-10-08 06:00:00+07:00,UKMO,0.0,3,2026-10-08 09:00:00+07:00,True
2026-10-08 09:00:00+07:00,CMA,0.4947944749293752,3,2026-10-08 12:00:00+07:00,True
2026-10-08 09:00:00+07:00,ECMWF,2.3000000000000007,3,2026-10-08 12:00:00+07:00,True
2026-10-08 09:00:00+07:00,GFS,1.1018996744575777,3,2026-10-08 12:00:00+07:00,True
2026-10-08 09:00:00+07:00,ICON,0.0,3,2026-10-08 12:00:00+07:00,True
2026-10-08 09:00:00+07:00,METEOFRANCE,0.5,3,2026-10-08 12:00:00+07:00,True
2026-10-08 09:00:00+07:00,UKMO,0.09999999999999999,3,2026-10-08 12:00:00+07:00,True
2026-10-08 12:00:00+07:00,CMA,1.2730479280985154,3,2026-10-08 15:00:00+07:00,True
2026-10-08 12:00:00+07:00,ECMWF,6.1000000000000005,3,2026-10-08 15:00:00+07:00,True
2026-10-08 12:00:00+07:00,GFS,5.092401302169687,3,2026-10-08 15:00:00+07:00,True
2026-10-08 12:00:00+07:00,ICON,4.137363122042733,3,2026-10-08 15:00:00+07:00,True
2026-10-08 12:00:00+07:00,METEOFRANCE,3.0,3,2026-10-08 15:00:00+07:00,True
2026-10-08 12:00:00+07:00,UKMO,1.7,3,2026-10-08 15:00:00+07:00,True
2026-10-08 15:00:00+07:00,CMA,1.302602762535312,3,2026-10-08 18:00:00+07:00,True
2026-10-08 15:00:00+07:00,ECMWF,4.3999999999999995,3,2026-10-08 18:00:00+07:00,True
2026-10-08 15:00:00+07:00,GFS,1.3962006510848437,3,2026-10-08 18:00:00+07:00,True
2026-10-08 15:00:00+07:00,ICON,6.674726244085465,3,2026-10-08 18:00:00+07:00,True
2026-10-08 15:00:00+07:00,METEOFRANCE,4.6,3,2026-10-08 18:00:00+07:00,True
2026-10-08 15:00:00+07:00,UKMO,3.0,3,2026-10-08 18:00:00+07:00,True
2026-10-08 18:00:00+07:00,CMA,0.3026027625353123,3,2026-10-08 21:00:00+07:00,True
2026-10-08 18:00:00+07:00,ECMWF,1.1999999999999997,3,2026-10-08 21:00:00+07:00,True
2026-10-08 18:00:00+07:00,GFS,0.9981003255424219,3,2026-10-08 21:00:00+07:00,True
2026-10-08 18:00:00+07:00,ICON,0.07565069063382808,3,2026-10-08 21:00:00+07:00,True
2026-10-08 18:00:00+07:00,METEOFRANCE,1.1999999999999997,3,2026-10-08 21:00:00+07:00,True
2026-10-08 18:00:00+07:00,UKMO,0.0,3,2026-10-08 21:00:00+07:00,True
2026-10-08 21:00:00+07:00,CMA,0.04869861873234384,3,2026-10-09 00:00:00+07:00,True
2026-10-08 21:00:00+07:00,ECMWF,0.0,3,2026-10-09 00:00:00+07:00,True
2026-10-08 21:00:00+07:00,GFS,0.10094983722878899,3,2026-10-09 00:00:00+07:00,True
2026-10-08 21:00:00+07:00,ICON,0.0,3,2026-10-09 00:00:00+07:00,True
2026-10-08 21:00:00+07:00,METEOFRANCE,0.0,3,2026-10-09 00:00:00+07:00,True
2026-10-08 21:00:00+07:00,UKMO,0.0,3,2026-10-09 00:00:00+07:00,True
2026-10-09 00:00:00+07:00,CMA,0.09739723746468767,3,2026-10-09 03:00:00+07:00,True
2026-10-09 00:00:00+07:00,ECMWF,0.0,3,2026-10-09 03:00:00+07:00,True
2026-10-09 00:00:00+07:00,GFS,0.3066488606015229,3,2026-10-09 03:00:00+07:00,True
2026-10-09 00:00:00+07:00,ICON,0.0,3,2026-10-09 03:00:00+07:00,True
2026-10-09 00:00:00+07:00,METEOFRANCE,0.0,3,2026-10-09 03:00:00+07:00,True
2026-10-09 00:00:00+07:00,UKMO,0.0,3,2026-10-09 03:00:00+07:00,True
2026-10-09 03:00:00+07:00,CMA,0.0,3,2026-10-09 06:00:00+07:00,True
2026-10-09 03:00:00+07:00,ECMWF,0.0,3,2026-10-09 06:00:00+07:00,True
2026-10-09 03:00:00+07:00,GFS,0.004749186143944953,3,2026-10-09 06:00:00+07:00,True
2026-10-09 03:00:00+07:00,ICON,0.0,3,2026-10-09 06:00:00+07:00,True
2026-10-09 03:00:00+07:00,METEOFRANCE,0.0,3,2026-10-09 06:00:00+07:00,True
2026-10-09 03:00:00+07:00,UKMO,0.0,3,2026-10-09 06:00:00+07:00,True
2026-10-09 06:00:00+07:00,CMA,0.0,1,2026-10-09 09:00:00+07:00,False
2026-10-09 06:00:00+07:00,ECMWF,0.0,1,2026-10-09 09:00:00+07:00,False
2026-10-09 06:00:00+07:00,GFS,0.0,1,2026-10-09 09:00:00+07:00,False
2026-10-09 06:00:00+07:00,ICON,0.0,1,2026-10-09 09:00:00+07:00,False
2026-10-09 06:00:00+07:00,METEOFRANCE,0.0,1,2026-10-09 09:00:00+07:00,False
2026-10-09 06:00:00+07:00,UKMO,0.0,1,2026-10-09 09:00:00+07:00,False
