window_start_wib,window_end_wib,horizon_hours,source_id,rain_total_mm,hours_available,hour_coverage_pct
2026-09-28 09:00:00+07:00,2026-09-29 09:00:00+07:00,24,CMA,15.015616575211872,24,100.0
2026-09-28 09:00:00+07:00,2026-09-29 09:00:00+07:00,24,ECMWF,5.699999999999999,24,100.0
2026-09-28 09:00:00+07:00,2026-09-29 09:00:00+07:00,24,GFS,37.711130955768304,24,100.0
2026-09-28 09:00:00+07:00,2026-09-29 09:00:00+07:00,24,ICON,12.70243218542554,24,100.0
2026-09-28 09:00:00+07:00,2026-09-29 09:00:00+07:00,24,METEOFRANCE,29.699999999999992,24,100.0
2026-09-28 09:00:00+07:00,2026-09-29 09:00:00+07:00,24,UKMO,43.19999999999999,24,100.0
2026-09-28 09:00:00+07:00,2026-09-30 09:00:00+07:00,48,CMA,32.99387002838101,48,100.0
2026-09-28 09:00:00+07:00,2026-09-30 09:00:00+07:00,48,ECMWF,32.39999999999999,48,100.0
2026-09-28 09:00:00+07:00,2026-09-30 09:00:00+07:00,48,GFS,42.31493030468346,48,100.0
2026-09-28 09:00:00+07:00,2026-09-30 09:00:00+07:00,48,ICON,22.788493926200616,48,100.0
2026-09-28 09:00:00+07:00,2026-09-30 09:00:00+07:00,48,METEOFRANCE,32.3,48,100.0
2026-09-28 09:00:00+07:00,2026-09-30 09:00:00+07:00,48,UKMO,88.39999999999999,48,100.0
2026-09-28 09:00:00+07:00,2026-10-01 09:00:00+07:00,72,CMA,49.63383591295906,72,100.0
2026-09-28 09:00:00+07:00,2026-10-01 09:00:00+07:00,72,ECMWF,39.3,72,100.0
2026-09-28 09:00:00+07:00,2026-10-01 09:00:00+07:00,72,GFS,58.21208079299709,72,100.0
2026-09-28 09:00:00+07:00,2026-10-01 09:00:00+07:00,72,ICON,26.723254285708038,72,100.0
2026-09-28 09:00:00+07:00,2026-10-01 09:00:00+07:00,72,METEOFRANCE,36.19999999999999,72,100.0
2026-09-28 09:00:00+07:00,2026-10-01 09:00:00+07:00,72,UKMO,101.29999999999998,72,100.0
