valid_time_wib,location_slug,rain_mean_mm,rain_median_mm,rain_p10_mm,rain_p90_mm,model_spread_mm,model_count,model_list,model_agreement_rain_pct,data_status
2026-10-05T10:00:00+07:00,gpm1,0.43333333333333335,0.05,0.0,1.25,1.5,6,"CMA,ECMWF,GFS,ICON,METEOFRANCE,UKMO",50.0,cukup
2026-10-05T10:00:00+07:00,gpm2,0.45,0.05,0.0,1.3,1.5,6,"CMA,ECMWF,GFS,ICON,METEOFRANCE,UKMO",50.0,cukup
2026-10-05T10:00:00+07:00,gpm3,0.45,0.05,0.0,1.3,1.5,6,"CMA,ECMWF,GFS,ICON,METEOFRANCE,UKMO",50.0,cukup
2026-10-05T10:00:00+07:00,gpm4,0.43333333333333335,0.05,0.0,1.25,1.5,6,"CMA,ECMWF,GFS,ICON,METEOFRANCE,UKMO",50.0,cukup
2026-10-05T10:00:00+07:00,gpm5,0.45,0.05,0.0,1.3,1.5,6,"CMA,ECMWF,GFS,ICON,METEOFRANCE,UKMO",50.0,cukup
2026-10-05T10:00:00+07:00,gpm6,0.5166666666666667,0.05,0.0,1.5,1.9,6,"CMA,ECMWF,GFS,ICON,METEOFRANCE,UKMO",50.0,cukup
2026-10-05T10:00:00+07:00,gpm_grid_tamatue,0.3,0.0,0.0,0.8999999999999999,1.2,6,"CMA,ECMWF,GFS,ICON,METEOFRANCE,UKMO",33.33333333333333,cukup
2026-10-05T10:00:00+07:00,plta_redelong,0.65,0.45,0.0,1.5,1.9,6,"CMA,ECMWF,GFS,ICON,METEOFRANCE,UKMO",66.66666666666666,cukup
2026-10-05T11:00:00+07:00,gpm1,0.7000000000000001,0.6,0.05,1.4500000000000002,1.8,6,"CMA,ECMWF,GFS,ICON,METEOFRANCE,UKMO",83.33333333333334,cukup
2026-10-05T11:00:00+07:00,gpm2,1.05,1.1,0.1,1.9500000000000002,2.1,6,"CMA,ECMWF,GFS,ICON,METEOFRANCE,UKMO",83.33333333333334,cukup
2026-10-05T11:00:00+07:00,gpm3,1.05,1.1,0.1,1.9500000000000002,2.1,6,"CMA,ECMWF,GFS,ICON,METEOFRANCE,UKMO",83.33333333333334,cukup
2026-10-05T11:00:00+07:00,gpm4,0.7000000000000001,0.6,0.05,1.4500000000000002,1.8,6,"CMA,ECMWF,GFS,ICON,METEOFRANCE,UKMO",83.33333333333334,cukup
2026-10-05T11:00:00+07:00,gpm5,1.05,1.1,0.1,1.9500000000000002,2.1,6,"CMA,ECMWF,GFS,ICON,METEOFRANCE,UKMO",83.33333333333334,cukup
2026-10-05T11:00:00+07:00,gpm6,1.05,1.1,0.1,1.9500000000000002,2.1,6,"CMA,ECMWF,GFS,ICON,METEOFRANCE,UKMO",83.33333333333334,cukup
2026-10-05T11:00:00+07:00,gpm_grid_tamatue,0.55,0.1,0.05,1.5,1.7,6,"CMA,ECMWF,GFS,ICON,METEOFRANCE,UKMO",83.33333333333334,cukup
2026-10-05T11:00:00+07:00,plta_redelong,1.0166666666666666,1.1,0.0,1.9500000000000002,2.1,6,"CMA,ECMWF,GFS,ICON,METEOFRANCE,UKMO",66.66666666666666,cukup
2026-10-05T12:00:00+07:00,gpm1,1.3666666666666665,1.05,0.6,2.45,2.5,6,"CMA,ECMWF,GFS,ICON,METEOFRANCE,UKMO",100.0,cukup
2026-10-05T12:00:00+07:00,gpm2,1.7166666666666668,1.7999999999999998,0.8,2.55,2.5,6,"CMA,ECMWF,GFS,ICON,METEOFRANCE,UKMO",100.0,cukup
2026-10-05T12:00:00+07:00,gpm3,1.7166666666666668,1.7999999999999998,0.8,2.55,2.5,6,"CMA,ECMWF,GFS,ICON,METEOFRANCE,UKMO",100.0,cukup
2026-10-05T12:00:00+07:00,gpm4,1.3666666666666665,1.05,0.6,2.45,2.5,6,"CMA,ECMWF,GFS,ICON,METEOFRANCE,UKMO",100.0,cukup
2026-10-05T12:00:00+07:00,gpm5,1.7166666666666668,1.7999999999999998,0.8,2.55,2.5,6,"CMA,ECMWF,GFS,ICON,METEOFRANCE,UKMO",100.0,cukup
2026-10-05T12:00:00+07:00,gpm6,1.6833333333333336,1.7,0.8,2.55,2.5,6,"CMA,ECMWF,GFS,ICON,METEOFRANCE,UKMO",100.0,cukup
2026-10-05T12:00:00+07:00,gpm_grid_tamatue,0.7666666666666666,0.3,0.05,1.9500000000000002,2.6,6,"CMA,ECMWF,GFS,ICON,METEOFRANCE,UKMO",83.33333333333334,cukup
2026-10-05T12:00:00+07:00,plta_redelong,1.3500000000000003,1.4,0.75,1.9,1.6,6,"CMA,ECMWF,GFS,ICON,METEOFRANCE,UKMO",100.0,cukup
2026-10-05T13:00:00+07:00,gpm1,2.1,1.3,1.0,4.0,5.4,6,"CMA,ECMWF,GFS,ICON,METEOFRANCE,UKMO",100.0,cukup
2026-10-05T13:00:00+07:00,gpm2,2.2333333333333334,1.55,0.9,4.25,5.7,6,"CMA,ECMWF,GFS,ICON,METEOFRANCE,UKMO",100.0,cukup
2026-10-05T13:00:00+07:00,gpm3,2.2333333333333334,1.55,0.9,4.25,5.7,6,"CMA,ECMWF,GFS,ICON,METEOFRANCE,UKMO",100.0,cukup
2026-10-05T13:00:00+07:00,gpm4,2.1,1.3,1.0,4.0,5.4,6,"CMA,ECMWF,GFS,ICON,METEOFRANCE,UKMO",100.0,cukup
2026-10-05T13:00:00+07:00,gpm5,2.2333333333333334,1.55,0.9,4.25,5.7,6,"CMA,ECMWF,GFS,ICON,METEOFRANCE,UKMO",100.0,cukup
2026-10-05T13:00:00+07:00,gpm6,2.216666666666667,1.5,0.9,4.25,5.7,6,"CMA,ECMWF,GFS,ICON,METEOFRANCE,UKMO",100.0,cukup
2026-10-05T13:00:00+07:00,gpm_grid_tamatue,0.9833333333333334,0.8500000000000001,0.2,1.9,1.9,6,"CMA,ECMWF,GFS,ICON,METEOFRANCE,UKMO",100.0,cukup
2026-10-05T13:00:00+07:00,plta_redelong,1.5833333333333333,1.5,0.9,2.35,1.9000000000000001,6,"CMA,ECMWF,GFS,ICON,METEOFRANCE,UKMO",100.0,cukup
2026-10-05T14:00:00+07:00,gpm1,2.8833333333333333,2.4,1.3,4.95,4.5,6,"CMA,ECMWF,GFS,ICON,METEOFRANCE,UKMO",100.0,cukup
2026-10-05T14:00:00+07:00,gpm2,2.8000000000000003,2.0999999999999996,1.35,4.95,4.4,6,"CMA,ECMWF,GFS,ICON,METEOFRANCE,UKMO",100.0,cukup
2026-10-05T14:00:00+07:00,gpm3,2.8000000000000003,2.0999999999999996,1.35,4.95,4.4,6,"CMA,ECMWF,GFS,ICON,METEOFRANCE,UKMO",100.0,cukup
2026-10-05T14:00:00+07:00,gpm4,2.8833333333333333,2.4,1.3,4.95,4.5,6,"CMA,ECMWF,GFS,ICON,METEOFRANCE,UKMO",100.0,cukup
2026-10-05T14:00:00+07:00,gpm5,2.8000000000000003,2.0999999999999996,1.35,4.95,4.4,6,"CMA,ECMWF,GFS,ICON,METEOFRANCE,UKMO",100.0,cukup
2026-10-05T14:00:00+07:00,gpm6,2.75,2.0,1.3,4.95,4.4,6,"CMA,ECMWF,GFS,ICON,METEOFRANCE,UKMO",100.0,cukup
2026-10-05T14:00:00+07:00,gpm_grid_tamatue,2.0333333333333337,1.45,1.25,3.4,2.7,6,"CMA,ECMWF,GFS,ICON,METEOFRANCE,UKMO",100.0,cukup
2026-10-05T14:00:00+07:00,plta_redelong,2.4,2.05,1.3,3.85,3.5,6,"CMA,ECMWF,GFS,ICON,METEOFRANCE,UKMO",100.0,cukup
2026-10-05T15:00:00+07:00,gpm1,2.9,2.55,1.4,4.75,4.1,6,"CMA,ECMWF,GFS,ICON,METEOFRANCE,UKMO",100.0,cukup
2026-10-05T15:00:00+07:00,gpm2,2.8666666666666667,2.45,1.4,4.75,4.1,6,"CMA,ECMWF,GFS,ICON,METEOFRANCE,UKMO",100.0,cukup
2026-10-05T15:00:00+07:00,gpm3,2.8666666666666667,2.45,1.4,4.75,4.1,6,"CMA,ECMWF,GFS,ICON,METEOFRANCE,UKMO",100.0,cukup
2026-10-05T15:00:00+07:00,gpm4,2.9,2.55,1.4,4.75,4.1,6,"CMA,ECMWF,GFS,ICON,METEOFRANCE,UKMO",100.0,cukup
2026-10-05T15:00:00+07:00,gpm5,2.8666666666666667,2.45,1.4,4.75,4.1,6,"CMA,ECMWF,GFS,ICON,METEOFRANCE,UKMO",100.0,cukup
2026-10-05T15:00:00+07:00,gpm6,2.816666666666667,2.45,1.25,4.75,4.4,6,"CMA,ECMWF,GFS,ICON,METEOFRANCE,UKMO",100.0,cukup
2026-10-05T15:00:00+07:00,gpm_grid_tamatue,2.866666666666667,2.45,0.95,5.2,5.5,6,"CMA,ECMWF,GFS,ICON,METEOFRANCE,UKMO",100.0,cukup
2026-10-05T15:00:00+07:00,plta_redelong,2.766666666666666,2.5,1.25,4.55,4.4,6,"CMA,ECMWF,GFS,ICON,METEOFRANCE,UKMO",100.0,cukup
2026-10-05T16:00:00+07:00,gpm1,3.233333333333333,2.3,0.8,6.6,8.4,6,"CMA,ECMWF,GFS,ICON,METEOFRANCE,UKMO",100.0,cukup
2026-10-05T16:00:00+07:00,gpm2,3.283333333333333,2.0,1.25,6.6,8.2,6,"CMA,ECMWF,GFS,ICON,METEOFRANCE,UKMO",100.0,cukup
2026-10-05T16:00:00+07:00,gpm3,3.283333333333333,2.0,1.25,6.6,8.2,6,"CMA,ECMWF,GFS,ICON,METEOFRANCE,UKMO",100.0,cukup
2026-10-05T16:00:00+07:00,gpm4,3.233333333333333,2.3,0.8,6.6,8.4,6,"CMA,ECMWF,GFS,ICON,METEOFRANCE,UKMO",100.0,cukup
2026-10-05T16:00:00+07:00,gpm5,3.283333333333333,2.0,1.25,6.6,8.2,6,"CMA,ECMWF,GFS,ICON,METEOFRANCE,UKMO",100.0,cukup
2026-10-05T16:00:00+07:00,gpm6,3.4,2.0,1.6,6.6,7.5,6,"CMA,ECMWF,GFS,ICON,METEOFRANCE,UKMO",100.0,cukup
2026-10-05T16:00:00+07:00,gpm_grid_tamatue,3.1833333333333336,2.25,0.7999999999999999,6.5,7.7,6,"CMA,ECMWF,GFS,ICON,METEOFRANCE,UKMO",100.0,cukup
2026-10-05T16:00:00+07:00,plta_redelong,2.733333333333333,2.05,1.6,4.55,3.4,6,"CMA,ECMWF,GFS,ICON,METEOFRANCE,UKMO",100.0,cukup
2026-10-05T17:00:00+07:00,gpm1,4.5,1.85,0.15000000000000002,11.5,18.9,6,"CMA,ECMWF,GFS,ICON,METEOFRANCE,UKMO",100.0,cukup
2026-10-05T17:00:00+07:00,gpm2,4.533333333333333,1.85,0.25,11.5,18.9,6,"CMA,ECMWF,GFS,ICON,METEOFRANCE,UKMO",100.0,cukup
2026-10-05T17:00:00+07:00,gpm3,4.533333333333333,1.85,0.25,11.5,18.9,6,"CMA,ECMWF,GFS,ICON,METEOFRANCE,UKMO",100.0,cukup
2026-10-05T17:00:00+07:00,gpm4,4.5,1.85,0.15000000000000002,11.5,18.9,6,"CMA,ECMWF,GFS,ICON,METEOFRANCE,UKMO",100.0,cukup
2026-10-05T17:00:00+07:00,gpm5,4.533333333333333,1.85,0.25,11.5,18.9,6,"CMA,ECMWF,GFS,ICON,METEOFRANCE,UKMO",100.0,cukup
2026-10-05T17:00:00+07:00,gpm6,4.55,1.9000000000000001,0.25,11.5,18.9,6,"CMA,ECMWF,GFS,ICON,METEOFRANCE,UKMO",100.0,cukup
2026-10-05T17:00:00+07:00,gpm_grid_tamatue,3.6166666666666667,1.45,0.45,8.95,13.799999999999999,6,"CMA,ECMWF,GFS,ICON,METEOFRANCE,UKMO",100.0,cukup
2026-10-05T17:00:00+07:00,plta_redelong,2.6833333333333336,1.9000000000000001,0.65,5.5,6.6,6,"CMA,ECMWF,GFS,ICON,METEOFRANCE,UKMO",100.0,cukup
2026-10-05T18:00:00+07:00,gpm1,3.2000000000000006,1.8,0.15000000000000002,7.65,12.700000000000001,6,"CMA,ECMWF,GFS,ICON,METEOFRANCE,UKMO",100.0,cukup
2026-10-05T18:00:00+07:00,gpm2,3.216666666666667,1.8,0.2,7.65,12.700000000000001,6,"CMA,ECMWF,GFS,ICON,METEOFRANCE,UKMO",100.0,cukup
2026-10-05T18:00:00+07:00,gpm3,3.216666666666667,1.8,0.2,7.65,12.700000000000001,6,"CMA,ECMWF,GFS,ICON,METEOFRANCE,UKMO",100.0,cukup
2026-10-05T18:00:00+07:00,gpm4,3.2000000000000006,1.8,0.15000000000000002,7.65,12.700000000000001,6,"CMA,ECMWF,GFS,ICON,METEOFRANCE,UKMO",100.0,cukup
2026-10-05T18:00:00+07:00,gpm5,3.216666666666667,1.8,0.2,7.65,12.700000000000001,6,"CMA,ECMWF,GFS,ICON,METEOFRANCE,UKMO",100.0,cukup
2026-10-05T18:00:00+07:00,gpm6,3.216666666666667,1.8,0.2,7.65,12.700000000000001,6,"CMA,ECMWF,GFS,ICON,METEOFRANCE,UKMO",100.0,cukup
2026-10-05T18:00:00+07:00,gpm_grid_tamatue,3.9166666666666665,1.0,0.30000000000000004,10.45,18.7,6,"CMA,ECMWF,GFS,ICON,METEOFRANCE,UKMO",100.0,cukup
2026-10-05T18:00:00+07:00,plta_redelong,2.783333333333333,1.8,0.6,5.95,9.1,6,"CMA,ECMWF,GFS,ICON,METEOFRANCE,UKMO",100.0,cukup
2026-10-05T19:00:00+07:00,gpm1,0.9833333333333334,1.25,0.1,1.6,1.6,6,"CMA,ECMWF,GFS,ICON,METEOFRANCE,UKMO",83.33333333333334,cukup
2026-10-05T19:00:00+07:00,gpm2,0.9666666666666668,1.25,0.05,1.6,1.6,6,"CMA,ECMWF,GFS,ICON,METEOFRANCE,UKMO",83.33333333333334,cukup
2026-10-05T19:00:00+07:00,gpm3,0.9666666666666668,1.25,0.05,1.6,1.6,6,"CMA,ECMWF,GFS,ICON,METEOFRANCE,UKMO",83.33333333333334,cukup
2026-10-05T19:00:00+07:00,gpm4,0.9833333333333334,1.25,0.1,1.6,1.6,6,"CMA,ECMWF,GFS,ICON,METEOFRANCE,UKMO",83.33333333333334,cukup
2026-10-05T19:00:00+07:00,gpm5,0.9666666666666668,1.25,0.05,1.6,1.6,6,"CMA,ECMWF,GFS,ICON,METEOFRANCE,UKMO",83.33333333333334,cukup
2026-10-05T19:00:00+07:00,gpm6,0.9833333333333334,1.25,0.05,1.65,1.7,6,"CMA,ECMWF,GFS,ICON,METEOFRANCE,UKMO",83.33333333333334,cukup
2026-10-05T19:00:00+07:00,gpm_grid_tamatue,2.2166666666666663,0.95,0.35,5.35,8.399999999999999,6,"CMA,ECMWF,GFS,ICON,METEOFRANCE,UKMO",100.0,cukup
2026-10-05T19:00:00+07:00,plta_redelong,2.1166666666666667,1.35,0.45,4.550000000000001,7.4,6,"CMA,ECMWF,GFS,ICON,METEOFRANCE,UKMO",83.33333333333334,cukup
2026-10-05T20:00:00+07:00,gpm1,0.7000000000000001,0.65,0.15,1.3,1.6,6,"CMA,ECMWF,GFS,ICON,METEOFRANCE,UKMO",83.33333333333334,cukup
2026-10-05T20:00:00+07:00,gpm2,0.5499999999999999,0.5,0.2,0.95,0.9,6,"CMA,ECMWF,GFS,ICON,METEOFRANCE,UKMO",100.0,cukup
2026-10-05T20:00:00+07:00,gpm3,0.5499999999999999,0.5,0.2,0.95,0.9,6,"CMA,ECMWF,GFS,ICON,METEOFRANCE,UKMO",100.0,cukup
2026-10-05T20:00:00+07:00,gpm4,0.7000000000000001,0.65,0.15,1.3,1.6,6,"CMA,ECMWF,GFS,ICON,METEOFRANCE,UKMO",83.33333333333334,cukup
2026-10-05T20:00:00+07:00,gpm5,0.5499999999999999,0.5,0.2,0.95,0.9,6,"CMA,ECMWF,GFS,ICON,METEOFRANCE,UKMO",100.0,cukup
2026-10-05T20:00:00+07:00,gpm6,0.5499999999999999,0.5,0.2,0.95,0.9,6,"CMA,ECMWF,GFS,ICON,METEOFRANCE,UKMO",100.0,cukup
2026-10-05T20:00:00+07:00,gpm_grid_tamatue,0.7333333333333334,0.55,0.05,1.6,1.9,6,"CMA,ECMWF,GFS,ICON,METEOFRANCE,UKMO",83.33333333333334,cukup
2026-10-05T20:00:00+07:00,plta_redelong,0.9666666666666668,0.65,0.05,2.2,3.4,6,"CMA,ECMWF,GFS,ICON,METEOFRANCE,UKMO",83.33333333333334,cukup
2026-10-05T21:00:00+07:00,gpm1,0.7333333333333333,0.35,0.05,1.8,2.0,6,"CMA,ECMWF,GFS,ICON,METEOFRANCE,UKMO",83.33333333333334,cukup
2026-10-05T21:00:00+07:00,gpm2,0.5666666666666667,0.35,0.05,1.3,2.0,6,"CMA,ECMWF,GFS,ICON,METEOFRANCE,UKMO",83.33333333333334,cukup
2026-10-05T21:00:00+07:00,gpm3,0.5666666666666667,0.35,0.05,1.3,2.0,6,"CMA,ECMWF,GFS,ICON,METEOFRANCE,UKMO",83.33333333333334,cukup
2026-10-05T21:00:00+07:00,gpm4,0.7333333333333333,0.35,0.05,1.8,2.0,6,"CMA,ECMWF,GFS,ICON,METEOFRANCE,UKMO",83.33333333333334,cukup
2026-10-05T21:00:00+07:00,gpm5,0.5666666666666667,0.35,0.05,1.3,2.0,6,"CMA,ECMWF,GFS,ICON,METEOFRANCE,UKMO",83.33333333333334,cukup
2026-10-05T21:00:00+07:00,gpm6,0.5333333333333333,0.35,0.05,1.2,1.8,6,"CMA,ECMWF,GFS,ICON,METEOFRANCE,UKMO",83.33333333333334,cukup
2026-10-05T21:00:00+07:00,gpm_grid_tamatue,0.21666666666666665,0.15,0.0,0.5,0.6,6,"CMA,ECMWF,GFS,ICON,METEOFRANCE,UKMO",50.0,cukup
2026-10-05T21:00:00+07:00,plta_redelong,0.43333333333333335,0.2,0.0,1.1,1.8,6,"CMA,ECMWF,GFS,ICON,METEOFRANCE,UKMO",66.66666666666666,cukup
2026-10-05T22:00:00+07:00,gpm1,0.8833333333333333,0.95,0.0,1.7000000000000002,1.8,6,"CMA,ECMWF,GFS,ICON,METEOFRANCE,UKMO",66.66666666666666,cukup
2026-10-05T22:00:00+07:00,gpm2,0.7166666666666667,0.5,0.0,1.65,1.8,6,"CMA,ECMWF,GFS,ICON,METEOFRANCE,UKMO",66.66666666666666,cukup
2026-10-05T22:00:00+07:00,gpm3,0.7166666666666667,0.5,0.0,1.65,1.8,6,"CMA,ECMWF,GFS,ICON,METEOFRANCE,UKMO",66.66666666666666,cukup
2026-10-05T22:00:00+07:00,gpm4,0.8833333333333333,0.95,0.0,1.7000000000000002,1.8,6,"CMA,ECMWF,GFS,ICON,METEOFRANCE,UKMO",66.66666666666666,cukup
2026-10-05T22:00:00+07:00,gpm5,0.7166666666666667,0.5,0.0,1.65,1.8,6,"CMA,ECMWF,GFS,ICON,METEOFRANCE,UKMO",66.66666666666666,cukup
2026-10-05T22:00:00+07:00,gpm6,0.9666666666666667,0.5,0.0,2.4,3.3,6,"CMA,ECMWF,GFS,ICON,METEOFRANCE,UKMO",66.66666666666666,cukup
2026-10-05T22:00:00+07:00,gpm_grid_tamatue,0.2833333333333334,0.0,0.0,0.8500000000000001,1.1,6,"CMA,ECMWF,GFS,ICON,METEOFRANCE,UKMO",33.33333333333333,cukup
2026-10-05T22:00:00+07:00,plta_redelong,0.7333333333333333,0.2,0.0,2.0,3.3,6,"CMA,ECMWF,GFS,ICON,METEOFRANCE,UKMO",50.0,cukup
2026-10-05T23:00:00+07:00,gpm1,0.5333333333333333,0.05,0.0,1.5499999999999998,1.7,6,"CMA,ECMWF,GFS,ICON,METEOFRANCE,UKMO",50.0,cukup
2026-10-05T23:00:00+07:00,gpm2,0.3333333333333333,0.05,0.0,0.95,1.7,6,"CMA,ECMWF,GFS,ICON,METEOFRANCE,UKMO",50.0,cukup
2026-10-05T23:00:00+07:00,gpm3,0.3333333333333333,0.05,0.0,0.95,1.7,6,"CMA,ECMWF,GFS,ICON,METEOFRANCE,UKMO",50.0,cukup
2026-10-05T23:00:00+07:00,gpm4,0.5333333333333333,0.05,0.0,1.5499999999999998,1.7,6,"CMA,ECMWF,GFS,ICON,METEOFRANCE,UKMO",50.0,cukup
2026-10-05T23:00:00+07:00,gpm5,0.3333333333333333,0.05,0.0,0.95,1.7,6,"CMA,ECMWF,GFS,ICON,METEOFRANCE,UKMO",50.0,cukup
2026-10-05T23:00:00+07:00,gpm6,0.5166666666666667,0.05,0.0,1.5,2.8,6,"CMA,ECMWF,GFS,ICON,METEOFRANCE,UKMO",50.0,cukup
2026-10-05T23:00:00+07:00,gpm_grid_tamatue,0.2333333333333333,0.0,0.0,0.7,1.4,6,"CMA,ECMWF,GFS,ICON,METEOFRANCE,UKMO",16.666666666666664,cukup
2026-10-05T23:00:00+07:00,plta_redelong,0.4666666666666666,0.0,0.0,1.4,2.8,6,"CMA,ECMWF,GFS,ICON,METEOFRANCE,UKMO",16.666666666666664,cukup
2026-10-06T00:00:00+07:00,gpm1,0.7333333333333333,0.35,0.0,1.8499999999999999,2.3,6,"CMA,ECMWF,GFS,ICON,METEOFRANCE,UKMO",50.0,cukup
2026-10-06T00:00:00+07:00,gpm2,0.5333333333333333,0.1,0.0,1.5,2.3,6,"CMA,ECMWF,GFS,ICON,METEOFRANCE,UKMO",50.0,cukup
2026-10-06T00:00:00+07:00,gpm3,0.5333333333333333,0.1,0.0,1.5,2.3,6,"CMA,ECMWF,GFS,ICON,METEOFRANCE,UKMO",50.0,cukup
2026-10-06T00:00:00+07:00,gpm4,0.7333333333333333,0.35,0.0,1.8499999999999999,2.3,6,"CMA,ECMWF,GFS,ICON,METEOFRANCE,UKMO",50.0,cukup
2026-10-06T00:00:00+07:00,gpm5,0.5333333333333333,0.1,0.0,1.5,2.3,6,"CMA,ECMWF,GFS,ICON,METEOFRANCE,UKMO",50.0,cukup
2026-10-06T00:00:00+07:00,gpm6,0.6833333333333335,0.1,0.0,1.9500000000000002,3.2,6,"CMA,ECMWF,GFS,ICON,METEOFRANCE,UKMO",50.0,cukup
2026-10-06T00:00:00+07:00,gpm_grid_tamatue,0.3,0.0,0.0,0.9,1.7,6,"CMA,ECMWF,GFS,ICON,METEOFRANCE,UKMO",33.33333333333333,cukup
2026-10-06T00:00:00+07:00,plta_redelong,0.6,0.0,0.0,1.8,3.2,6,"CMA,ECMWF,GFS,ICON,METEOFRANCE,UKMO",33.33333333333333,cukup
2026-10-06T01:00:00+07:00,gpm1,0.5666666666666667,0.0,0.0,1.7,2.0,6,"CMA,ECMWF,GFS,ICON,METEOFRANCE,UKMO",33.33333333333333,cukup
2026-10-06T01:00:00+07:00,gpm2,0.3666666666666667,0.0,0.0,1.1,2.0,6,"CMA,ECMWF,GFS,ICON,METEOFRANCE,UKMO",33.33333333333333,cukup
2026-10-06T01:00:00+07:00,gpm3,0.3666666666666667,0.0,0.0,1.1,2.0,6,"CMA,ECMWF,GFS,ICON,METEOFRANCE,UKMO",33.33333333333333,cukup
2026-10-06T01:00:00+07:00,gpm4,0.5666666666666667,0.0,0.0,1.7,2.0,6,"CMA,ECMWF,GFS,ICON,METEOFRANCE,UKMO",33.33333333333333,cukup
2026-10-06T01:00:00+07:00,gpm5,0.3666666666666667,0.0,0.0,1.1,2.0,6,"CMA,ECMWF,GFS,ICON,METEOFRANCE,UKMO",33.33333333333333,cukup
2026-10-06T01:00:00+07:00,gpm6,0.45,0.0,0.0,1.35,2.5,6,"CMA,ECMWF,GFS,ICON,METEOFRANCE,UKMO",33.33333333333333,cukup
2026-10-06T01:00:00+07:00,gpm_grid_tamatue,0.26666666666666666,0.0,0.0,0.8,1.6,6,"CMA,ECMWF,GFS,ICON,METEOFRANCE,UKMO",16.666666666666664,cukup
2026-10-06T01:00:00+07:00,plta_redelong,0.4166666666666667,0.0,0.0,1.25,2.5,6,"CMA,ECMWF,GFS,ICON,METEOFRANCE,UKMO",16.666666666666664,cukup
2026-10-06T02:00:00+07:00,gpm1,0.38333333333333336,0.1,0.0,1.0499999999999998,1.9,6,"CMA,ECMWF,GFS,ICON,METEOFRANCE,UKMO",66.66666666666666,cukup
2026-10-06T02:00:00+07:00,gpm2,0.38333333333333336,0.1,0.0,1.0499999999999998,1.9,6,"CMA,ECMWF,GFS,ICON,METEOFRANCE,UKMO",66.66666666666666,cukup
2026-10-06T02:00:00+07:00,gpm3,0.38333333333333336,0.1,0.0,1.0499999999999998,1.9,6,"CMA,ECMWF,GFS,ICON,METEOFRANCE,UKMO",66.66666666666666,cukup
2026-10-06T02:00:00+07:00,gpm4,0.38333333333333336,0.1,0.0,1.0499999999999998,1.9,6,"CMA,ECMWF,GFS,ICON,METEOFRANCE,UKMO",66.66666666666666,cukup
2026-10-06T02:00:00+07:00,gpm5,0.38333333333333336,0.1,0.0,1.0499999999999998,1.9,6,"CMA,ECMWF,GFS,ICON,METEOFRANCE,UKMO",66.66666666666666,cukup
2026-10-06T02:00:00+07:00,gpm6,0.48333333333333334,0.1,0.0,1.35,2.5,6,"CMA,ECMWF,GFS,ICON,METEOFRANCE,UKMO",66.66666666666666,cukup
2026-10-06T02:00:00+07:00,gpm_grid_tamatue,0.45,0.0,0.0,1.35,1.9,6,"CMA,ECMWF,GFS,ICON,METEOFRANCE,UKMO",33.33333333333333,cukup
2026-10-06T02:00:00+07:00,plta_redelong,0.7833333333333332,0.1,0.0,2.25,2.5,6,"CMA,ECMWF,GFS,ICON,METEOFRANCE,UKMO",66.66666666666666,cukup
2026-10-06T03:00:00+07:00,gpm1,0.8999999999999999,0.1,0.0,2.6,5.0,6,"CMA,ECMWF,GFS,ICON,METEOFRANCE,UKMO",66.66666666666666,cukup
2026-10-06T03:00:00+07:00,gpm2,0.8999999999999999,0.1,0.0,2.6,5.0,6,"CMA,ECMWF,GFS,ICON,METEOFRANCE,UKMO",66.66666666666666,cukup
2026-10-06T03:00:00+07:00,gpm3,0.8999999999999999,0.1,0.0,2.6,5.0,6,"CMA,ECMWF,GFS,ICON,METEOFRANCE,UKMO",66.66666666666666,cukup
2026-10-06T03:00:00+07:00,gpm4,0.8999999999999999,0.1,0.0,2.6,5.0,6,"CMA,ECMWF,GFS,ICON,METEOFRANCE,UKMO",66.66666666666666,cukup
2026-10-06T03:00:00+07:00,gpm5,0.8999999999999999,0.1,0.0,2.6,5.0,6,"CMA,ECMWF,GFS,ICON,METEOFRANCE,UKMO",66.66666666666666,cukup
2026-10-06T03:00:00+07:00,gpm6,0.55,0.1,0.0,1.55,2.9,6,"CMA,ECMWF,GFS,ICON,METEOFRANCE,UKMO",66.66666666666666,cukup
2026-10-06T03:00:00+07:00,gpm_grid_tamatue,0.55,0.05,0.0,1.6,2.4,6,"CMA,ECMWF,GFS,ICON,METEOFRANCE,UKMO",50.0,cukup
2026-10-06T03:00:00+07:00,plta_redelong,0.85,0.1,0.0,2.45,2.9,6,"CMA,ECMWF,GFS,ICON,METEOFRANCE,UKMO",66.66666666666666,cukup
2026-10-06T04:00:00+07:00,gpm1,1.2333333333333332,0.05,0.0,3.65,7.1,6,"CMA,ECMWF,GFS,ICON,METEOFRANCE,UKMO",50.0,cukup
2026-10-06T04:00:00+07:00,gpm2,1.2333333333333332,0.05,0.0,3.65,7.1,6,"CMA,ECMWF,GFS,ICON,METEOFRANCE,UKMO",50.0,cukup
2026-10-06T04:00:00+07:00,gpm3,1.2333333333333332,0.05,0.0,3.65,7.1,6,"CMA,ECMWF,GFS,ICON,METEOFRANCE,UKMO",50.0,cukup
2026-10-06T04:00:00+07:00,gpm4,1.2333333333333332,0.05,0.0,3.65,7.1,6,"CMA,ECMWF,GFS,ICON,METEOFRANCE,UKMO",50.0,cukup
2026-10-06T04:00:00+07:00,gpm5,1.2333333333333332,0.05,0.0,3.65,7.1,6,"CMA,ECMWF,GFS,ICON,METEOFRANCE,UKMO",50.0,cukup
2026-10-06T04:00:00+07:00,gpm6,0.7166666666666667,0.05,0.0,2.1,4.0,6,"CMA,ECMWF,GFS,ICON,METEOFRANCE,UKMO",50.0,cukup
2026-10-06T04:00:00+07:00,gpm_grid_tamatue,0.5333333333333333,0.0,0.0,1.6,2.4,6,"CMA,ECMWF,GFS,ICON,METEOFRANCE,UKMO",33.33333333333333,cukup
2026-10-06T04:00:00+07:00,plta_redelong,1.0166666666666666,0.05,0.0,3.0,4.0,6,"CMA,ECMWF,GFS,ICON,METEOFRANCE,UKMO",50.0,cukup
2026-10-06T05:00:00+07:00,gpm1,1.5333333333333332,0.05,0.0,4.55,8.1,6,"CMA,ECMWF,GFS,ICON,METEOFRANCE,UKMO",50.0,cukup
2026-10-06T05:00:00+07:00,gpm2,1.5166666666666666,0.05,0.0,4.5,8.1,6,"CMA,ECMWF,GFS,ICON,METEOFRANCE,UKMO",50.0,cukup
2026-10-06T05:00:00+07:00,gpm3,1.5166666666666666,0.05,0.0,4.5,8.1,6,"CMA,ECMWF,GFS,ICON,METEOFRANCE,UKMO",50.0,cukup
2026-10-06T05:00:00+07:00,gpm4,1.5333333333333332,0.05,0.0,4.55,8.1,6,"CMA,ECMWF,GFS,ICON,METEOFRANCE,UKMO",50.0,cukup
2026-10-06T05:00:00+07:00,gpm5,1.5166666666666666,0.05,0.0,4.5,8.1,6,"CMA,ECMWF,GFS,ICON,METEOFRANCE,UKMO",50.0,cukup
2026-10-06T05:00:00+07:00,gpm6,0.8166666666666668,0.05,0.0,2.4,3.9,6,"CMA,ECMWF,GFS,ICON,METEOFRANCE,UKMO",50.0,cukup
2026-10-06T05:00:00+07:00,gpm_grid_tamatue,0.8333333333333331,0.05,0.0,2.45,4.3,6,"CMA,ECMWF,GFS,ICON,METEOFRANCE,UKMO",50.0,cukup
2026-10-06T05:00:00+07:00,plta_redelong,0.6666666666666666,0.0,0.0,2.0,3.9,6,"CMA,ECMWF,GFS,ICON,METEOFRANCE,UKMO",33.33333333333333,cukup
2026-10-06T06:00:00+07:00,gpm1,0.7833333333333333,0.05,0.0,2.3,3.6,6,"CMA,ECMWF,GFS,ICON,METEOFRANCE,UKMO",50.0,cukup
2026-10-06T06:00:00+07:00,gpm2,0.7666666666666666,0.05,0.0,2.25,3.6,6,"CMA,ECMWF,GFS,ICON,METEOFRANCE,UKMO",50.0,cukup
2026-10-06T06:00:00+07:00,gpm3,0.7666666666666666,0.05,0.0,2.25,3.6,6,"CMA,ECMWF,GFS,ICON,METEOFRANCE,UKMO",50.0,cukup
2026-10-06T06:00:00+07:00,gpm4,0.7833333333333333,0.05,0.0,2.3,3.6,6,"CMA,ECMWF,GFS,ICON,METEOFRANCE,UKMO",50.0,cukup
2026-10-06T06:00:00+07:00,gpm5,0.7666666666666666,0.05,0.0,2.25,3.6,6,"CMA,ECMWF,GFS,ICON,METEOFRANCE,UKMO",50.0,cukup
2026-10-06T06:00:00+07:00,gpm6,0.6833333333333332,0.05,0.0,2.0,3.1,6,"CMA,ECMWF,GFS,ICON,METEOFRANCE,UKMO",50.0,cukup
2026-10-06T06:00:00+07:00,gpm_grid_tamatue,0.4166666666666667,0.0,0.0,1.25,1.9,6,"CMA,ECMWF,GFS,ICON,METEOFRANCE,UKMO",33.33333333333333,cukup
2026-10-06T06:00:00+07:00,plta_redelong,0.5333333333333333,0.0,0.0,1.6,3.1,6,"CMA,ECMWF,GFS,ICON,METEOFRANCE,UKMO",33.33333333333333,cukup
2026-10-06T07:00:00+07:00,gpm1,0.3333333333333333,0.05,0.0,0.95,1.0,6,"CMA,ECMWF,GFS,ICON,METEOFRANCE,UKMO",50.0,cukup
2026-10-06T07:00:00+07:00,gpm2,0.31666666666666665,0.05,0.0,0.9,0.9,6,"CMA,ECMWF,GFS,ICON,METEOFRANCE,UKMO",50.0,cukup
2026-10-06T07:00:00+07:00,gpm3,0.31666666666666665,0.05,0.0,0.9,0.9,6,"CMA,ECMWF,GFS,ICON,METEOFRANCE,UKMO",50.0,cukup
2026-10-06T07:00:00+07:00,gpm4,0.3333333333333333,0.05,0.0,0.95,1.0,6,"CMA,ECMWF,GFS,ICON,METEOFRANCE,UKMO",50.0,cukup
2026-10-06T07:00:00+07:00,gpm5,0.31666666666666665,0.05,0.0,0.9,0.9,6,"CMA,ECMWF,GFS,ICON,METEOFRANCE,UKMO",50.0,cukup
2026-10-06T07:00:00+07:00,gpm6,0.21666666666666667,0.05,0.0,0.6,0.9,6,"CMA,ECMWF,GFS,ICON,METEOFRANCE,UKMO",50.0,cukup
2026-10-06T07:00:00+07:00,gpm_grid_tamatue,0.11666666666666665,0.0,0.0,0.35,0.6,6,"CMA,ECMWF,GFS,ICON,METEOFRANCE,UKMO",33.33333333333333,cukup
2026-10-06T07:00:00+07:00,plta_redelong,0.06666666666666667,0.0,0.0,0.2,0.3,6,"CMA,ECMWF,GFS,ICON,METEOFRANCE,UKMO",33.33333333333333,cukup
2026-10-06T08:00:00+07:00,gpm1,0.15,0.0,0.0,0.45,0.8,6,"CMA,ECMWF,GFS,ICON,METEOFRANCE,UKMO",33.33333333333333,cukup
2026-10-06T08:00:00+07:00,gpm2,0.20000000000000004,0.0,0.0,0.6000000000000001,1.1,6,"CMA,ECMWF,GFS,ICON,METEOFRANCE,UKMO",33.33333333333333,cukup
2026-10-06T08:00:00+07:00,gpm3,0.20000000000000004,0.0,0.0,0.6000000000000001,1.1,6,"CMA,ECMWF,GFS,ICON,METEOFRANCE,UKMO",33.33333333333333,cukup
2026-10-06T08:00:00+07:00,gpm4,0.15,0.0,0.0,0.45,0.8,6,"CMA,ECMWF,GFS,ICON,METEOFRANCE,UKMO",33.33333333333333,cukup
2026-10-06T08:00:00+07:00,gpm5,0.20000000000000004,0.0,0.0,0.6000000000000001,1.1,6,"CMA,ECMWF,GFS,ICON,METEOFRANCE,UKMO",33.33333333333333,cukup
2026-10-06T08:00:00+07:00,gpm6,0.26666666666666666,0.0,0.0,0.8,1.1,6,"CMA,ECMWF,GFS,ICON,METEOFRANCE,UKMO",33.33333333333333,cukup
2026-10-06T08:00:00+07:00,gpm_grid_tamatue,0.13333333333333333,0.0,0.0,0.4,0.8,6,"CMA,ECMWF,GFS,ICON,METEOFRANCE,UKMO",16.666666666666664,cukup
2026-10-06T08:00:00+07:00,plta_redelong,0.26666666666666666,0.0,0.0,0.8,1.1,6,"CMA,ECMWF,GFS,ICON,METEOFRANCE,UKMO",33.33333333333333,cukup
2026-10-06T09:00:00+07:00,gpm1,0.18333333333333335,0.0,0.0,0.55,0.8,6,"CMA,ECMWF,GFS,ICON,METEOFRANCE,UKMO",33.33333333333333,cukup
2026-10-06T09:00:00+07:00,gpm2,0.23333333333333336,0.0,0.0,0.7000000000000001,1.1,6,"CMA,ECMWF,GFS,ICON,METEOFRANCE,UKMO",33.33333333333333,cukup
2026-10-06T09:00:00+07:00,gpm3,0.23333333333333336,0.0,0.0,0.7000000000000001,1.1,6,"CMA,ECMWF,GFS,ICON,METEOFRANCE,UKMO",33.33333333333333,cukup
2026-10-06T09:00:00+07:00,gpm4,0.18333333333333335,0.0,0.0,0.55,0.8,6,"CMA,ECMWF,GFS,ICON,METEOFRANCE,UKMO",33.33333333333333,cukup
2026-10-06T09:00:00+07:00,gpm5,0.23333333333333336,0.0,0.0,0.7000000000000001,1.1,6,"CMA,ECMWF,GFS,ICON,METEOFRANCE,UKMO",33.33333333333333,cukup
2026-10-06T09:00:00+07:00,gpm6,0.3166666666666667,0.0,0.0,0.9500000000000001,1.1,6,"CMA,ECMWF,GFS,ICON,METEOFRANCE,UKMO",33.33333333333333,cukup
2026-10-06T09:00:00+07:00,gpm_grid_tamatue,0.25,0.0,0.0,0.75,0.8,6,"CMA,ECMWF,GFS,ICON,METEOFRANCE,UKMO",33.33333333333333,cukup
2026-10-06T09:00:00+07:00,plta_redelong,0.3166666666666667,0.0,0.0,0.9500000000000001,1.1,6,"CMA,ECMWF,GFS,ICON,METEOFRANCE,UKMO",33.33333333333333,cukup
2026-10-06T10:00:00+07:00,gpm1,0.30000000000000004,0.05,0.0,0.8500000000000001,0.9,6,"CMA,ECMWF,GFS,ICON,METEOFRANCE,UKMO",50.0,cukup
2026-10-06T10:00:00+07:00,gpm2,0.35000000000000003,0.05,0.0,1.0,1.1,6,"CMA,ECMWF,GFS,ICON,METEOFRANCE,UKMO",50.0,cukup
2026-10-06T10:00:00+07:00,gpm3,0.35000000000000003,0.05,0.0,1.0,1.1,6,"CMA,ECMWF,GFS,ICON,METEOFRANCE,UKMO",50.0,cukup
2026-10-06T10:00:00+07:00,gpm4,0.30000000000000004,0.05,0.0,0.8500000000000001,0.9,6,"CMA,ECMWF,GFS,ICON,METEOFRANCE,UKMO",50.0,cukup
2026-10-06T10:00:00+07:00,gpm5,0.35000000000000003,0.05,0.0,1.0,1.1,6,"CMA,ECMWF,GFS,ICON,METEOFRANCE,UKMO",50.0,cukup
2026-10-06T10:00:00+07:00,gpm6,0.3166666666666667,0.05,0.0,0.9,1.1,6,"CMA,ECMWF,GFS,ICON,METEOFRANCE,UKMO",50.0,cukup
2026-10-06T10:00:00+07:00,gpm_grid_tamatue,0.3666666666666667,0.0,0.0,1.1,1.4,6,"CMA,ECMWF,GFS,ICON,METEOFRANCE,UKMO",33.33333333333333,cukup
2026-10-06T10:00:00+07:00,plta_redelong,0.3,0.0,0.0,0.9,1.1,6,"CMA,ECMWF,GFS,ICON,METEOFRANCE,UKMO",33.33333333333333,cukup
2026-10-06T11:00:00+07:00,gpm1,0.9,0.65,0.1,1.95,2.0,6,"CMA,ECMWF,GFS,ICON,METEOFRANCE,UKMO",83.33333333333334,cukup
2026-10-06T11:00:00+07:00,gpm2,1.0166666666666666,1.0,0.1,1.95,2.0,6,"CMA,ECMWF,GFS,ICON,METEOFRANCE,UKMO",83.33333333333334,cukup
2026-10-06T11:00:00+07:00,gpm3,1.0166666666666666,1.0,0.1,1.95,2.0,6,"CMA,ECMWF,GFS,ICON,METEOFRANCE,UKMO",83.33333333333334,cukup
2026-10-06T11:00:00+07:00,gpm4,0.9,0.65,0.1,1.95,2.0,6,"CMA,ECMWF,GFS,ICON,METEOFRANCE,UKMO",83.33333333333334,cukup
2026-10-06T11:00:00+07:00,gpm5,1.0166666666666666,1.0,0.1,1.95,2.0,6,"CMA,ECMWF,GFS,ICON,METEOFRANCE,UKMO",83.33333333333334,cukup
2026-10-06T11:00:00+07:00,gpm6,1.0166666666666666,1.0,0.1,1.95,2.0,6,"CMA,ECMWF,GFS,ICON,METEOFRANCE,UKMO",83.33333333333334,cukup
2026-10-06T11:00:00+07:00,gpm_grid_tamatue,1.1500000000000001,0.30000000000000004,0.05,3.1,4.5,6,"CMA,ECMWF,GFS,ICON,METEOFRANCE,UKMO",83.33333333333334,cukup
2026-10-06T11:00:00+07:00,plta_redelong,0.7000000000000001,0.35,0.1,1.65,2.0,6,"CMA,ECMWF,GFS,ICON,METEOFRANCE,UKMO",83.33333333333334,cukup
2026-10-06T12:00:00+07:00,gpm1,4.05,0.65,0.15000000000000002,11.35,20.599999999999998,6,"CMA,ECMWF,GFS,ICON,METEOFRANCE,UKMO",100.0,cukup
2026-10-06T12:00:00+07:00,gpm2,4.216666666666667,1.1,0.2,11.35,20.5,6,"CMA,ECMWF,GFS,ICON,METEOFRANCE,UKMO",100.0,cukup
2026-10-06T12:00:00+07:00,gpm3,4.216666666666667,1.1,0.2,11.35,20.5,6,"CMA,ECMWF,GFS,ICON,METEOFRANCE,UKMO",100.0,cukup
2026-10-06T12:00:00+07:00,gpm4,4.05,0.65,0.15000000000000002,11.35,20.599999999999998,6,"CMA,ECMWF,GFS,ICON,METEOFRANCE,UKMO",100.0,cukup
2026-10-06T12:00:00+07:00,gpm5,4.216666666666667,1.1,0.2,11.35,20.5,6,"CMA,ECMWF,GFS,ICON,METEOFRANCE,UKMO",100.0,cukup
2026-10-06T12:00:00+07:00,gpm6,4.233333333333333,1.1,0.25,11.35,20.5,6,"CMA,ECMWF,GFS,ICON,METEOFRANCE,UKMO",100.0,cukup
2026-10-06T12:00:00+07:00,gpm_grid_tamatue,1.3833333333333335,1.0,0.05,3.1,4.5,6,"CMA,ECMWF,GFS,ICON,METEOFRANCE,UKMO",83.33333333333334,cukup
2026-10-06T12:00:00+07:00,plta_redelong,0.8833333333333333,0.75,0.25,1.65,1.8,6,"CMA,ECMWF,GFS,ICON,METEOFRANCE,UKMO",100.0,cukup
2026-10-06T13:00:00+07:00,gpm1,7.583333333333333,1.0,0.1,21.65,41.3,6,"CMA,ECMWF,GFS,ICON,METEOFRANCE,UKMO",83.33333333333334,cukup
2026-10-06T13:00:00+07:00,gpm2,7.849999999999999,1.35,0.55,21.65,41.099999999999994,6,"CMA,ECMWF,GFS,ICON,METEOFRANCE,UKMO",100.0,cukup
2026-10-06T13:00:00+07:00,gpm3,7.849999999999999,1.35,0.55,21.65,41.099999999999994,6,"CMA,ECMWF,GFS,ICON,METEOFRANCE,UKMO",100.0,cukup
2026-10-06T13:00:00+07:00,gpm4,7.583333333333333,1.0,0.1,21.65,41.3,6,"CMA,ECMWF,GFS,ICON,METEOFRANCE,UKMO",83.33333333333334,cukup
2026-10-06T13:00:00+07:00,gpm5,7.849999999999999,1.35,0.55,21.65,41.099999999999994,6,"CMA,ECMWF,GFS,ICON,METEOFRANCE,UKMO",100.0,cukup
2026-10-06T13:00:00+07:00,gpm6,7.8999999999999995,1.35,0.7,21.65,40.8,6,"CMA,ECMWF,GFS,ICON,METEOFRANCE,UKMO",100.0,cukup
2026-10-06T13:00:00+07:00,gpm_grid_tamatue,1.8833333333333335,2.05,0.1,3.5,4.5,6,"CMA,ECMWF,GFS,ICON,METEOFRANCE,UKMO",83.33333333333334,cukup
2026-10-06T13:00:00+07:00,plta_redelong,1.05,1.0,0.5,1.65,1.5,6,"CMA,ECMWF,GFS,ICON,METEOFRANCE,UKMO",100.0,cukup
2026-10-06T14:00:00+07:00,gpm1,5.033333333333333,1.85,0.8,12.45,22.2,6,"CMA,ECMWF,GFS,ICON,METEOFRANCE,UKMO",83.33333333333334,cukup
2026-10-06T14:00:00+07:00,gpm2,4.833333333333333,1.75,0.45,12.299999999999999,22.2,6,"CMA,ECMWF,GFS,ICON,METEOFRANCE,UKMO",83.33333333333334,cukup
2026-10-06T14:00:00+07:00,gpm3,4.833333333333333,1.75,0.45,12.299999999999999,22.2,6,"CMA,ECMWF,GFS,ICON,METEOFRANCE,UKMO",83.33333333333334,cukup
2026-10-06T14:00:00+07:00,gpm4,5.033333333333333,1.85,0.8,12.45,22.2,6,"CMA,ECMWF,GFS,ICON,METEOFRANCE,UKMO",83.33333333333334,cukup
2026-10-06T14:00:00+07:00,gpm5,4.833333333333333,1.75,0.45,12.299999999999999,22.2,6,"CMA,ECMWF,GFS,ICON,METEOFRANCE,UKMO",83.33333333333334,cukup
2026-10-06T14:00:00+07:00,gpm6,4.933333333333334,1.75,0.75,12.299999999999999,21.599999999999998,6,"CMA,ECMWF,GFS,ICON,METEOFRANCE,UKMO",100.0,cukup
2026-10-06T14:00:00+07:00,gpm_grid_tamatue,3.5500000000000003,3.8,0.95,5.9,6.6,6,"CMA,ECMWF,GFS,ICON,METEOFRANCE,UKMO",83.33333333333334,cukup
2026-10-06T14:00:00+07:00,plta_redelong,1.6166666666666665,1.75,0.55,2.55,2.2,6,"CMA,ECMWF,GFS,ICON,METEOFRANCE,UKMO",100.0,cukup
2026-10-06T15:00:00+07:00,gpm1,4.616666666666666,1.85,0.85,11.15,16.0,6,"CMA,ECMWF,GFS,ICON,METEOFRANCE,UKMO",100.0,cukup
2026-10-06T15:00:00+07:00,gpm2,4.066666666666666,1.5499999999999998,0.7,9.95,16.0,6,"CMA,ECMWF,GFS,ICON,METEOFRANCE,UKMO",100.0,cukup
2026-10-06T15:00:00+07:00,gpm3,4.066666666666666,1.5499999999999998,0.7,9.95,16.0,6,"CMA,ECMWF,GFS,ICON,METEOFRANCE,UKMO",100.0,cukup
2026-10-06T15:00:00+07:00,gpm4,4.616666666666666,1.85,0.85,11.15,16.0,6,"CMA,ECMWF,GFS,ICON,METEOFRANCE,UKMO",100.0,cukup
2026-10-06T15:00:00+07:00,gpm5,4.066666666666666,1.5499999999999998,0.7,9.95,16.0,6,"CMA,ECMWF,GFS,ICON,METEOFRANCE,UKMO",100.0,cukup
2026-10-06T15:00:00+07:00,gpm6,4.183333333333334,1.5499999999999998,1.05,9.95,15.6,6,"CMA,ECMWF,GFS,ICON,METEOFRANCE,UKMO",100.0,cukup
2026-10-06T15:00:00+07:00,gpm_grid_tamatue,3.3333333333333335,3.7,0.95,5.35,5.5,6,"CMA,ECMWF,GFS,ICON,METEOFRANCE,UKMO",83.33333333333334,cukup
2026-10-06T15:00:00+07:00,plta_redelong,2.05,1.9,1.2,3.05,2.2,6,"CMA,ECMWF,GFS,ICON,METEOFRANCE,UKMO",100.0,cukup
2026-10-06T16:00:00+07:00,gpm1,2.8499999999999996,2.0999999999999996,1.4,5.05,6.2,6,"CMA,ECMWF,GFS,ICON,METEOFRANCE,UKMO",100.0,cukup
2026-10-06T16:00:00+07:00,gpm2,2.4,1.5,0.95,4.75,6.3,6,"CMA,ECMWF,GFS,ICON,METEOFRANCE,UKMO",100.0,cukup
2026-10-06T16:00:00+07:00,gpm3,2.4,1.5,0.95,4.75,6.3,6,"CMA,ECMWF,GFS,ICON,METEOFRANCE,UKMO",100.0,cukup
2026-10-06T16:00:00+07:00,gpm4,2.8499999999999996,2.0999999999999996,1.4,5.05,6.2,6,"CMA,ECMWF,GFS,ICON,METEOFRANCE,UKMO",100.0,cukup
2026-10-06T16:00:00+07:00,gpm5,2.4,1.5,0.95,4.75,6.3,6,"CMA,ECMWF,GFS,ICON,METEOFRANCE,UKMO",100.0,cukup
2026-10-06T16:00:00+07:00,gpm6,2.65,2.0999999999999996,1.0,4.85,6.3,6,"CMA,ECMWF,GFS,ICON,METEOFRANCE,UKMO",100.0,cukup
2026-10-06T16:00:00+07:00,gpm_grid_tamatue,3.8000000000000003,4.65,0.95,5.800000000000001,6.4,6,"CMA,ECMWF,GFS,ICON,METEOFRANCE,UKMO",83.33333333333334,cukup
2026-10-06T16:00:00+07:00,plta_redelong,2.3000000000000003,2.4,1.5,3.0,2.1999999999999997,6,"CMA,ECMWF,GFS,ICON,METEOFRANCE,UKMO",100.0,cukup
2026-10-06T17:00:00+07:00,gpm1,1.1500000000000001,0.8,0.35,2.3,2.5,6,"CMA,ECMWF,GFS,ICON,METEOFRANCE,UKMO",100.0,cukup
2026-10-06T17:00:00+07:00,gpm2,1.0666666666666667,0.75,0.35,2.0999999999999996,2.5,6,"CMA,ECMWF,GFS,ICON,METEOFRANCE,UKMO",100.0,cukup
2026-10-06T17:00:00+07:00,gpm3,1.0666666666666667,0.75,0.35,2.0999999999999996,2.5,6,"CMA,ECMWF,GFS,ICON,METEOFRANCE,UKMO",100.0,cukup
2026-10-06T17:00:00+07:00,gpm4,1.1500000000000001,0.8,0.35,2.3,2.5,6,"CMA,ECMWF,GFS,ICON,METEOFRANCE,UKMO",100.0,cukup
2026-10-06T17:00:00+07:00,gpm5,1.0666666666666667,0.75,0.35,2.0999999999999996,2.5,6,"CMA,ECMWF,GFS,ICON,METEOFRANCE,UKMO",100.0,cukup
2026-10-06T17:00:00+07:00,gpm6,1.2166666666666666,1.15,0.4,2.0999999999999996,2.5,6,"CMA,ECMWF,GFS,ICON,METEOFRANCE,UKMO",100.0,cukup
2026-10-06T17:00:00+07:00,gpm_grid_tamatue,2.1333333333333333,1.25,0.30000000000000004,4.85,4.8999999999999995,6,"CMA,ECMWF,GFS,ICON,METEOFRANCE,UKMO",100.0,cukup
2026-10-06T17:00:00+07:00,plta_redelong,1.0833333333333333,0.9,0.2,2.15,2.6999999999999997,6,"CMA,ECMWF,GFS,ICON,METEOFRANCE,UKMO",100.0,cukup
2026-10-06T18:00:00+07:00,gpm1,1.1,0.3,0.0,3.0,4.2,6,"CMA,ECMWF,GFS,ICON,METEOFRANCE,UKMO",66.66666666666666,cukup
2026-10-06T18:00:00+07:00,gpm2,1.0666666666666667,0.3,0.1,2.8,4.2,6,"CMA,ECMWF,GFS,ICON,METEOFRANCE,UKMO",83.33333333333334,cukup
2026-10-06T18:00:00+07:00,gpm3,1.0666666666666667,0.3,0.1,2.8,4.2,6,"CMA,ECMWF,GFS,ICON,METEOFRANCE,UKMO",83.33333333333334,cukup
2026-10-06T18:00:00+07:00,gpm4,1.1,0.3,0.0,3.0,4.2,6,"CMA,ECMWF,GFS,ICON,METEOFRANCE,UKMO",66.66666666666666,cukup
2026-10-06T18:00:00+07:00,gpm5,1.0666666666666667,0.3,0.1,2.8,4.2,6,"CMA,ECMWF,GFS,ICON,METEOFRANCE,UKMO",83.33333333333334,cukup
2026-10-06T18:00:00+07:00,gpm6,1.1,0.3,0.2,2.8,4.0,6,"CMA,ECMWF,GFS,ICON,METEOFRANCE,UKMO",100.0,cukup
2026-10-06T18:00:00+07:00,gpm_grid_tamatue,1.2333333333333332,0.8,0.25,2.65,3.8999999999999995,6,"CMA,ECMWF,GFS,ICON,METEOFRANCE,UKMO",100.0,cukup
2026-10-06T18:00:00+07:00,plta_redelong,0.8333333333333334,0.2,0.05,2.25,4.2,6,"CMA,ECMWF,GFS,ICON,METEOFRANCE,UKMO",83.33333333333334,cukup
2026-10-06T19:00:00+07:00,gpm1,1.0166666666666668,0.5,0.15,2.4,3.0,6,"CMA,ECMWF,GFS,ICON,METEOFRANCE,UKMO",83.33333333333334,cukup
2026-10-06T19:00:00+07:00,gpm2,0.9166666666666666,0.5,0.05,2.2,3.0,6,"CMA,ECMWF,GFS,ICON,METEOFRANCE,UKMO",83.33333333333334,cukup
2026-10-06T19:00:00+07:00,gpm3,0.9166666666666666,0.5,0.05,2.2,3.0,6,"CMA,ECMWF,GFS,ICON,METEOFRANCE,UKMO",83.33333333333334,cukup
2026-10-06T19:00:00+07:00,gpm4,1.0166666666666668,0.5,0.15,2.4,3.0,6,"CMA,ECMWF,GFS,ICON,METEOFRANCE,UKMO",83.33333333333334,cukup
2026-10-06T19:00:00+07:00,gpm5,0.9166666666666666,0.5,0.05,2.2,3.0,6,"CMA,ECMWF,GFS,ICON,METEOFRANCE,UKMO",83.33333333333334,cukup
2026-10-06T19:00:00+07:00,gpm6,0.9500000000000001,0.5,0.15000000000000002,2.2,2.9,6,"CMA,ECMWF,GFS,ICON,METEOFRANCE,UKMO",100.0,cukup
2026-10-06T19:00:00+07:00,gpm_grid_tamatue,0.8000000000000002,0.25,0.0,2.15,3.1,6,"CMA,ECMWF,GFS,ICON,METEOFRANCE,UKMO",66.66666666666666,cukup
2026-10-06T19:00:00+07:00,plta_redelong,0.7833333333333333,0.25,0.1,2.0,2.9,6,"CMA,ECMWF,GFS,ICON,METEOFRANCE,UKMO",100.0,cukup
2026-10-06T20:00:00+07:00,gpm1,0.2833333333333333,0.1,0.0,0.75,1.3,6,"CMA,ECMWF,GFS,ICON,METEOFRANCE,UKMO",66.66666666666666,cukup
2026-10-06T20:00:00+07:00,gpm2,0.2833333333333333,0.1,0.0,0.75,1.3,6,"CMA,ECMWF,GFS,ICON,METEOFRANCE,UKMO",66.66666666666666,cukup
2026-10-06T20:00:00+07:00,gpm3,0.2833333333333333,0.1,0.0,0.75,1.3,6,"CMA,ECMWF,GFS,ICON,METEOFRANCE,UKMO",66.66666666666666,cukup
2026-10-06T20:00:00+07:00,gpm4,0.2833333333333333,0.1,0.0,0.75,1.3,6,"CMA,ECMWF,GFS,ICON,METEOFRANCE,UKMO",66.66666666666666,cukup
2026-10-06T20:00:00+07:00,gpm5,0.2833333333333333,0.1,0.0,0.75,1.3,6,"CMA,ECMWF,GFS,ICON,METEOFRANCE,UKMO",66.66666666666666,cukup
2026-10-06T20:00:00+07:00,gpm6,0.2833333333333333,0.1,0.0,0.75,1.3,6,"CMA,ECMWF,GFS,ICON,METEOFRANCE,UKMO",66.66666666666666,cukup
2026-10-06T20:00:00+07:00,gpm_grid_tamatue,0.2833333333333334,0.0,0.0,0.8500000000000001,1.6,6,"CMA,ECMWF,GFS,ICON,METEOFRANCE,UKMO",33.33333333333333,cukup
2026-10-06T20:00:00+07:00,plta_redelong,0.26666666666666666,0.1,0.0,0.7000000000000001,1.3,6,"CMA,ECMWF,GFS,ICON,METEOFRANCE,UKMO",66.66666666666666,cukup
2026-10-06T21:00:00+07:00,gpm1,0.31666666666666665,0.0,0.0,0.95,1.2,6,"CMA,ECMWF,GFS,ICON,METEOFRANCE,UKMO",33.33333333333333,cukup
2026-10-06T21:00:00+07:00,gpm2,0.31666666666666665,0.0,0.0,0.95,1.2,6,"CMA,ECMWF,GFS,ICON,METEOFRANCE,UKMO",33.33333333333333,cukup
2026-10-06T21:00:00+07:00,gpm3,0.31666666666666665,0.0,0.0,0.95,1.2,6,"CMA,ECMWF,GFS,ICON,METEOFRANCE,UKMO",33.33333333333333,cukup
2026-10-06T21:00:00+07:00,gpm4,0.31666666666666665,0.0,0.0,0.95,1.2,6,"CMA,ECMWF,GFS,ICON,METEOFRANCE,UKMO",33.33333333333333,cukup
2026-10-06T21:00:00+07:00,gpm5,0.31666666666666665,0.0,0.0,0.95,1.2,6,"CMA,ECMWF,GFS,ICON,METEOFRANCE,UKMO",33.33333333333333,cukup
2026-10-06T21:00:00+07:00,gpm6,0.19999999999999998,0.0,0.0,0.6,0.7,6,"CMA,ECMWF,GFS,ICON,METEOFRANCE,UKMO",33.33333333333333,cukup
2026-10-06T21:00:00+07:00,gpm_grid_tamatue,0.3,0.1,0.0,0.8,1.0,6,"CMA,ECMWF,GFS,ICON,METEOFRANCE,UKMO",50.0,cukup
2026-10-06T21:00:00+07:00,plta_redelong,0.19999999999999998,0.0,0.0,0.6,0.7,6,"CMA,ECMWF,GFS,ICON,METEOFRANCE,UKMO",33.33333333333333,cukup
2026-10-06T22:00:00+07:00,gpm1,0.16666666666666666,0.05,0.0,0.44999999999999996,0.6,6,"CMA,ECMWF,GFS,ICON,METEOFRANCE,UKMO",50.0,cukup
2026-10-06T22:00:00+07:00,gpm2,0.19999999999999998,0.15,0.0,0.44999999999999996,0.6,6,"CMA,ECMWF,GFS,ICON,METEOFRANCE,UKMO",50.0,cukup
2026-10-06T22:00:00+07:00,gpm3,0.19999999999999998,0.15,0.0,0.44999999999999996,0.6,6,"CMA,ECMWF,GFS,ICON,METEOFRANCE,UKMO",50.0,cukup
2026-10-06T22:00:00+07:00,gpm4,0.16666666666666666,0.05,0.0,0.44999999999999996,0.6,6,"CMA,ECMWF,GFS,ICON,METEOFRANCE,UKMO",50.0,cukup
2026-10-06T22:00:00+07:00,gpm5,0.19999999999999998,0.15,0.0,0.44999999999999996,0.6,6,"CMA,ECMWF,GFS,ICON,METEOFRANCE,UKMO",50.0,cukup
2026-10-06T22:00:00+07:00,gpm6,0.18333333333333335,0.1,0.0,0.44999999999999996,0.6,6,"CMA,ECMWF,GFS,ICON,METEOFRANCE,UKMO",50.0,cukup
2026-10-06T22:00:00+07:00,gpm_grid_tamatue,0.26666666666666666,0.05,0.0,0.75,1.4,6,"CMA,ECMWF,GFS,ICON,METEOFRANCE,UKMO",50.0,cukup
2026-10-06T22:00:00+07:00,plta_redelong,0.18333333333333335,0.1,0.0,0.44999999999999996,0.6,6,"CMA,ECMWF,GFS,ICON,METEOFRANCE,UKMO",50.0,cukup
2026-10-06T23:00:00+07:00,gpm1,0.08333333333333333,0.0,0.0,0.25,0.3,6,"CMA,ECMWF,GFS,ICON,METEOFRANCE,UKMO",33.33333333333333,cukup
2026-10-06T23:00:00+07:00,gpm2,0.08333333333333333,0.0,0.0,0.25,0.3,6,"CMA,ECMWF,GFS,ICON,METEOFRANCE,UKMO",33.33333333333333,cukup
2026-10-06T23:00:00+07:00,gpm3,0.08333333333333333,0.0,0.0,0.25,0.3,6,"CMA,ECMWF,GFS,ICON,METEOFRANCE,UKMO",33.33333333333333,cukup
2026-10-06T23:00:00+07:00,gpm4,0.08333333333333333,0.0,0.0,0.25,0.3,6,"CMA,ECMWF,GFS,ICON,METEOFRANCE,UKMO",33.33333333333333,cukup
2026-10-06T23:00:00+07:00,gpm5,0.08333333333333333,0.0,0.0,0.25,0.3,6,"CMA,ECMWF,GFS,ICON,METEOFRANCE,UKMO",33.33333333333333,cukup
2026-10-06T23:00:00+07:00,gpm6,0.08333333333333333,0.0,0.0,0.25,0.3,6,"CMA,ECMWF,GFS,ICON,METEOFRANCE,UKMO",33.33333333333333,cukup
2026-10-06T23:00:00+07:00,gpm_grid_tamatue,0.3,0.0,0.0,0.8999999999999999,1.2,6,"CMA,ECMWF,GFS,ICON,METEOFRANCE,UKMO",33.33333333333333,cukup
2026-10-06T23:00:00+07:00,plta_redelong,0.049999999999999996,0.0,0.0,0.15,0.3,6,"CMA,ECMWF,GFS,ICON,METEOFRANCE,UKMO",16.666666666666664,cukup
2026-10-07T00:00:00+07:00,gpm1,0.09999999999999999,0.0,0.0,0.3,0.6,6,"CMA,ECMWF,GFS,ICON,METEOFRANCE,UKMO",16.666666666666664,cukup
2026-10-07T00:00:00+07:00,gpm2,0.09999999999999999,0.0,0.0,0.3,0.6,6,"CMA,ECMWF,GFS,ICON,METEOFRANCE,UKMO",16.666666666666664,cukup
2026-10-07T00:00:00+07:00,gpm3,0.09999999999999999,0.0,0.0,0.3,0.6,6,"CMA,ECMWF,GFS,ICON,METEOFRANCE,UKMO",16.666666666666664,cukup
2026-10-07T00:00:00+07:00,gpm4,0.09999999999999999,0.0,0.0,0.3,0.6,6,"CMA,ECMWF,GFS,ICON,METEOFRANCE,UKMO",16.666666666666664,cukup
2026-10-07T00:00:00+07:00,gpm5,0.09999999999999999,0.0,0.0,0.3,0.6,6,"CMA,ECMWF,GFS,ICON,METEOFRANCE,UKMO",16.666666666666664,cukup
2026-10-07T00:00:00+07:00,gpm6,0.09999999999999999,0.0,0.0,0.3,0.6,6,"CMA,ECMWF,GFS,ICON,METEOFRANCE,UKMO",16.666666666666664,cukup
2026-10-07T00:00:00+07:00,gpm_grid_tamatue,0.15,0.0,0.0,0.45,0.9,6,"CMA,ECMWF,GFS,ICON,METEOFRANCE,UKMO",16.666666666666664,cukup
2026-10-07T00:00:00+07:00,plta_redelong,0.09999999999999999,0.0,0.0,0.3,0.6,6,"CMA,ECMWF,GFS,ICON,METEOFRANCE,UKMO",16.666666666666664,cukup
2026-10-07T01:00:00+07:00,gpm1,0.06666666666666667,0.0,0.0,0.2,0.4,6,"CMA,ECMWF,GFS,ICON,METEOFRANCE,UKMO",16.666666666666664,cukup
2026-10-07T01:00:00+07:00,gpm2,0.06666666666666667,0.0,0.0,0.2,0.4,6,"CMA,ECMWF,GFS,ICON,METEOFRANCE,UKMO",16.666666666666664,cukup
2026-10-07T01:00:00+07:00,gpm3,0.06666666666666667,0.0,0.0,0.2,0.4,6,"CMA,ECMWF,GFS,ICON,METEOFRANCE,UKMO",16.666666666666664,cukup
2026-10-07T01:00:00+07:00,gpm4,0.06666666666666667,0.0,0.0,0.2,0.4,6,"CMA,ECMWF,GFS,ICON,METEOFRANCE,UKMO",16.666666666666664,cukup
2026-10-07T01:00:00+07:00,gpm5,0.06666666666666667,0.0,0.0,0.2,0.4,6,"CMA,ECMWF,GFS,ICON,METEOFRANCE,UKMO",16.666666666666664,cukup
2026-10-07T01:00:00+07:00,gpm6,0.06666666666666667,0.0,0.0,0.2,0.4,6,"CMA,ECMWF,GFS,ICON,METEOFRANCE,UKMO",16.666666666666664,cukup
2026-10-07T01:00:00+07:00,gpm_grid_tamatue,0.18333333333333335,0.0,0.0,0.55,1.1,6,"CMA,ECMWF,GFS,ICON,METEOFRANCE,UKMO",16.666666666666664,cukup
2026-10-07T01:00:00+07:00,plta_redelong,0.08333333333333333,0.0,0.0,0.25,0.4,6,"CMA,ECMWF,GFS,ICON,METEOFRANCE,UKMO",33.33333333333333,cukup
2026-10-07T02:00:00+07:00,gpm1,0.016666666666666666,0.0,0.0,0.05,0.1,6,"CMA,ECMWF,GFS,ICON,METEOFRANCE,UKMO",16.666666666666664,cukup
2026-10-07T02:00:00+07:00,gpm2,0.016666666666666666,0.0,0.0,0.05,0.1,6,"CMA,ECMWF,GFS,ICON,METEOFRANCE,UKMO",16.666666666666664,cukup
2026-10-07T02:00:00+07:00,gpm3,0.016666666666666666,0.0,0.0,0.05,0.1,6,"CMA,ECMWF,GFS,ICON,METEOFRANCE,UKMO",16.666666666666664,cukup
2026-10-07T02:00:00+07:00,gpm4,0.016666666666666666,0.0,0.0,0.05,0.1,6,"CMA,ECMWF,GFS,ICON,METEOFRANCE,UKMO",16.666666666666664,cukup
2026-10-07T02:00:00+07:00,gpm5,0.016666666666666666,0.0,0.0,0.05,0.1,6,"CMA,ECMWF,GFS,ICON,METEOFRANCE,UKMO",16.666666666666664,cukup
2026-10-07T02:00:00+07:00,gpm6,0.016666666666666666,0.0,0.0,0.05,0.1,6,"CMA,ECMWF,GFS,ICON,METEOFRANCE,UKMO",16.666666666666664,cukup
2026-10-07T02:00:00+07:00,gpm_grid_tamatue,0.11666666666666665,0.0,0.0,0.35,0.6,6,"CMA,ECMWF,GFS,ICON,METEOFRANCE,UKMO",33.33333333333333,cukup
2026-10-07T02:00:00+07:00,plta_redelong,0.03333333333333333,0.0,0.0,0.1,0.1,6,"CMA,ECMWF,GFS,ICON,METEOFRANCE,UKMO",33.33333333333333,cukup
2026-10-07T03:00:00+07:00,gpm1,0.016666666666666666,0.0,0.0,0.05,0.1,6,"CMA,ECMWF,GFS,ICON,METEOFRANCE,UKMO",16.666666666666664,cukup
2026-10-07T03:00:00+07:00,gpm2,0.016666666666666666,0.0,0.0,0.05,0.1,6,"CMA,ECMWF,GFS,ICON,METEOFRANCE,UKMO",16.666666666666664,cukup
2026-10-07T03:00:00+07:00,gpm3,0.016666666666666666,0.0,0.0,0.05,0.1,6,"CMA,ECMWF,GFS,ICON,METEOFRANCE,UKMO",16.666666666666664,cukup
2026-10-07T03:00:00+07:00,gpm4,0.016666666666666666,0.0,0.0,0.05,0.1,6,"CMA,ECMWF,GFS,ICON,METEOFRANCE,UKMO",16.666666666666664,cukup
2026-10-07T03:00:00+07:00,gpm5,0.016666666666666666,0.0,0.0,0.05,0.1,6,"CMA,ECMWF,GFS,ICON,METEOFRANCE,UKMO",16.666666666666664,cukup
2026-10-07T03:00:00+07:00,gpm6,0.016666666666666666,0.0,0.0,0.05,0.1,6,"CMA,ECMWF,GFS,ICON,METEOFRANCE,UKMO",16.666666666666664,cukup
2026-10-07T03:00:00+07:00,gpm_grid_tamatue,0.09999999999999999,0.0,0.0,0.3,0.6,6,"CMA,ECMWF,GFS,ICON,METEOFRANCE,UKMO",16.666666666666664,cukup
2026-10-07T03:00:00+07:00,plta_redelong,0.016666666666666666,0.0,0.0,0.05,0.1,6,"CMA,ECMWF,GFS,ICON,METEOFRANCE,UKMO",16.666666666666664,cukup
2026-10-07T04:00:00+07:00,gpm1,0.016666666666666666,0.0,0.0,0.05,0.1,6,"CMA,ECMWF,GFS,ICON,METEOFRANCE,UKMO",16.666666666666664,cukup
2026-10-07T04:00:00+07:00,gpm2,0.016666666666666666,0.0,0.0,0.05,0.1,6,"CMA,ECMWF,GFS,ICON,METEOFRANCE,UKMO",16.666666666666664,cukup
2026-10-07T04:00:00+07:00,gpm3,0.016666666666666666,0.0,0.0,0.05,0.1,6,"CMA,ECMWF,GFS,ICON,METEOFRANCE,UKMO",16.666666666666664,cukup
2026-10-07T04:00:00+07:00,gpm4,0.016666666666666666,0.0,0.0,0.05,0.1,6,"CMA,ECMWF,GFS,ICON,METEOFRANCE,UKMO",16.666666666666664,cukup
2026-10-07T04:00:00+07:00,gpm5,0.016666666666666666,0.0,0.0,0.05,0.1,6,"CMA,ECMWF,GFS,ICON,METEOFRANCE,UKMO",16.666666666666664,cukup
2026-10-07T04:00:00+07:00,gpm6,0.03333333333333333,0.0,0.0,0.1,0.1,6,"CMA,ECMWF,GFS,ICON,METEOFRANCE,UKMO",33.33333333333333,cukup
2026-10-07T04:00:00+07:00,gpm_grid_tamatue,0.09999999999999999,0.0,0.0,0.3,0.6,6,"CMA,ECMWF,GFS,ICON,METEOFRANCE,UKMO",16.666666666666664,cukup
2026-10-07T04:00:00+07:00,plta_redelong,0.03333333333333333,0.0,0.0,0.1,0.1,6,"CMA,ECMWF,GFS,ICON,METEOFRANCE,UKMO",33.33333333333333,cukup
2026-10-07T05:00:00+07:00,gpm1,0.0,0.0,0.0,0.0,0.0,6,"CMA,ECMWF,GFS,ICON,METEOFRANCE,UKMO",0.0,cukup
2026-10-07T05:00:00+07:00,gpm2,0.0,0.0,0.0,0.0,0.0,6,"CMA,ECMWF,GFS,ICON,METEOFRANCE,UKMO",0.0,cukup
2026-10-07T05:00:00+07:00,gpm3,0.0,0.0,0.0,0.0,0.0,6,"CMA,ECMWF,GFS,ICON,METEOFRANCE,UKMO",0.0,cukup
2026-10-07T05:00:00+07:00,gpm4,0.0,0.0,0.0,0.0,0.0,6,"CMA,ECMWF,GFS,ICON,METEOFRANCE,UKMO",0.0,cukup
2026-10-07T05:00:00+07:00,gpm5,0.0,0.0,0.0,0.0,0.0,6,"CMA,ECMWF,GFS,ICON,METEOFRANCE,UKMO",0.0,cukup
2026-10-07T05:00:00+07:00,gpm6,0.03333333333333333,0.0,0.0,0.1,0.2,6,"CMA,ECMWF,GFS,ICON,METEOFRANCE,UKMO",16.666666666666664,cukup
2026-10-07T05:00:00+07:00,gpm_grid_tamatue,0.03333333333333333,0.0,0.0,0.1,0.2,6,"CMA,ECMWF,GFS,ICON,METEOFRANCE,UKMO",16.666666666666664,cukup
2026-10-07T05:00:00+07:00,plta_redelong,0.03333333333333333,0.0,0.0,0.1,0.2,6,"CMA,ECMWF,GFS,ICON,METEOFRANCE,UKMO",16.666666666666664,cukup
2026-10-07T06:00:00+07:00,gpm1,0.0,0.0,0.0,0.0,0.0,6,"CMA,ECMWF,GFS,ICON,METEOFRANCE,UKMO",0.0,cukup
2026-10-07T06:00:00+07:00,gpm2,0.0,0.0,0.0,0.0,0.0,6,"CMA,ECMWF,GFS,ICON,METEOFRANCE,UKMO",0.0,cukup
2026-10-07T06:00:00+07:00,gpm3,0.0,0.0,0.0,0.0,0.0,6,"CMA,ECMWF,GFS,ICON,METEOFRANCE,UKMO",0.0,cukup
2026-10-07T06:00:00+07:00,gpm4,0.0,0.0,0.0,0.0,0.0,6,"CMA,ECMWF,GFS,ICON,METEOFRANCE,UKMO",0.0,cukup
2026-10-07T06:00:00+07:00,gpm5,0.0,0.0,0.0,0.0,0.0,6,"CMA,ECMWF,GFS,ICON,METEOFRANCE,UKMO",0.0,cukup
2026-10-07T06:00:00+07:00,gpm6,0.016666666666666666,0.0,0.0,0.05,0.1,6,"CMA,ECMWF,GFS,ICON,METEOFRANCE,UKMO",16.666666666666664,cukup
2026-10-07T06:00:00+07:00,gpm_grid_tamatue,0.03333333333333333,0.0,0.0,0.1,0.2,6,"CMA,ECMWF,GFS,ICON,METEOFRANCE,UKMO",16.666666666666664,cukup
2026-10-07T06:00:00+07:00,plta_redelong,0.016666666666666666,0.0,0.0,0.05,0.1,6,"CMA,ECMWF,GFS,ICON,METEOFRANCE,UKMO",16.666666666666664,cukup
2026-10-07T07:00:00+07:00,gpm1,0.0,0.0,0.0,0.0,0.0,6,"CMA,ECMWF,GFS,ICON,METEOFRANCE,UKMO",0.0,cukup
2026-10-07T07:00:00+07:00,gpm2,0.0,0.0,0.0,0.0,0.0,6,"CMA,ECMWF,GFS,ICON,METEOFRANCE,UKMO",0.0,cukup
2026-10-07T07:00:00+07:00,gpm3,0.0,0.0,0.0,0.0,0.0,6,"CMA,ECMWF,GFS,ICON,METEOFRANCE,UKMO",0.0,cukup
2026-10-07T07:00:00+07:00,gpm4,0.0,0.0,0.0,0.0,0.0,6,"CMA,ECMWF,GFS,ICON,METEOFRANCE,UKMO",0.0,cukup
2026-10-07T07:00:00+07:00,gpm5,0.0,0.0,0.0,0.0,0.0,6,"CMA,ECMWF,GFS,ICON,METEOFRANCE,UKMO",0.0,cukup
2026-10-07T07:00:00+07:00,gpm6,0.03333333333333333,0.0,0.0,0.1,0.2,6,"CMA,ECMWF,GFS,ICON,METEOFRANCE,UKMO",16.666666666666664,cukup
2026-10-07T07:00:00+07:00,gpm_grid_tamatue,0.03333333333333333,0.0,0.0,0.1,0.2,6,"CMA,ECMWF,GFS,ICON,METEOFRANCE,UKMO",16.666666666666664,cukup
2026-10-07T07:00:00+07:00,plta_redelong,0.03333333333333333,0.0,0.0,0.1,0.2,6,"CMA,ECMWF,GFS,ICON,METEOFRANCE,UKMO",16.666666666666664,cukup
2026-10-07T08:00:00+07:00,gpm1,0.016666666666666666,0.0,0.0,0.05,0.1,6,"CMA,ECMWF,GFS,ICON,METEOFRANCE,UKMO",16.666666666666664,cukup
2026-10-07T08:00:00+07:00,gpm2,0.016666666666666666,0.0,0.0,0.05,0.1,6,"CMA,ECMWF,GFS,ICON,METEOFRANCE,UKMO",16.666666666666664,cukup
2026-10-07T08:00:00+07:00,gpm3,0.016666666666666666,0.0,0.0,0.05,0.1,6,"CMA,ECMWF,GFS,ICON,METEOFRANCE,UKMO",16.666666666666664,cukup
2026-10-07T08:00:00+07:00,gpm4,0.016666666666666666,0.0,0.0,0.05,0.1,6,"CMA,ECMWF,GFS,ICON,METEOFRANCE,UKMO",16.666666666666664,cukup
2026-10-07T08:00:00+07:00,gpm5,0.016666666666666666,0.0,0.0,0.05,0.1,6,"CMA,ECMWF,GFS,ICON,METEOFRANCE,UKMO",16.666666666666664,cukup
2026-10-07T08:00:00+07:00,gpm6,0.03333333333333333,0.0,0.0,0.1,0.1,6,"CMA,ECMWF,GFS,ICON,METEOFRANCE,UKMO",33.33333333333333,cukup
2026-10-07T08:00:00+07:00,gpm_grid_tamatue,0.016666666666666666,0.0,0.0,0.05,0.1,6,"CMA,ECMWF,GFS,ICON,METEOFRANCE,UKMO",16.666666666666664,cukup
2026-10-07T08:00:00+07:00,plta_redelong,0.03333333333333333,0.0,0.0,0.1,0.1,6,"CMA,ECMWF,GFS,ICON,METEOFRANCE,UKMO",33.33333333333333,cukup
2026-10-07T09:00:00+07:00,gpm1,0.08333333333333333,0.0,0.0,0.25,0.4,6,"CMA,ECMWF,GFS,ICON,METEOFRANCE,UKMO",33.33333333333333,cukup
2026-10-07T09:00:00+07:00,gpm2,0.08333333333333333,0.0,0.0,0.25,0.4,6,"CMA,ECMWF,GFS,ICON,METEOFRANCE,UKMO",33.33333333333333,cukup
2026-10-07T09:00:00+07:00,gpm3,0.08333333333333333,0.0,0.0,0.25,0.4,6,"CMA,ECMWF,GFS,ICON,METEOFRANCE,UKMO",33.33333333333333,cukup
2026-10-07T09:00:00+07:00,gpm4,0.08333333333333333,0.0,0.0,0.25,0.4,6,"CMA,ECMWF,GFS,ICON,METEOFRANCE,UKMO",33.33333333333333,cukup
2026-10-07T09:00:00+07:00,gpm5,0.08333333333333333,0.0,0.0,0.25,0.4,6,"CMA,ECMWF,GFS,ICON,METEOFRANCE,UKMO",33.33333333333333,cukup
2026-10-07T09:00:00+07:00,gpm6,0.06666666666666667,0.0,0.0,0.2,0.3,6,"CMA,ECMWF,GFS,ICON,METEOFRANCE,UKMO",33.33333333333333,cukup
2026-10-07T09:00:00+07:00,gpm_grid_tamatue,0.016666666666666666,0.0,0.0,0.05,0.1,6,"CMA,ECMWF,GFS,ICON,METEOFRANCE,UKMO",16.666666666666664,cukup
2026-10-07T09:00:00+07:00,plta_redelong,0.06666666666666667,0.0,0.0,0.2,0.3,6,"CMA,ECMWF,GFS,ICON,METEOFRANCE,UKMO",33.33333333333333,cukup
2026-10-07T10:00:00+07:00,gpm1,0.13333333333333333,0.0,0.0,0.39999999999999997,0.7,6,"CMA,ECMWF,GFS,ICON,METEOFRANCE,UKMO",33.33333333333333,cukup
2026-10-07T10:00:00+07:00,gpm2,0.13333333333333333,0.0,0.0,0.39999999999999997,0.7,6,"CMA,ECMWF,GFS,ICON,METEOFRANCE,UKMO",33.33333333333333,cukup
2026-10-07T10:00:00+07:00,gpm3,0.13333333333333333,0.0,0.0,0.39999999999999997,0.7,6,"CMA,ECMWF,GFS,ICON,METEOFRANCE,UKMO",33.33333333333333,cukup
2026-10-07T10:00:00+07:00,gpm4,0.13333333333333333,0.0,0.0,0.39999999999999997,0.7,6,"CMA,ECMWF,GFS,ICON,METEOFRANCE,UKMO",33.33333333333333,cukup
2026-10-07T10:00:00+07:00,gpm5,0.13333333333333333,0.0,0.0,0.39999999999999997,0.7,6,"CMA,ECMWF,GFS,ICON,METEOFRANCE,UKMO",33.33333333333333,cukup
2026-10-07T10:00:00+07:00,gpm6,0.09999999999999999,0.0,0.0,0.3,0.5,6,"CMA,ECMWF,GFS,ICON,METEOFRANCE,UKMO",33.33333333333333,cukup
2026-10-07T10:00:00+07:00,gpm_grid_tamatue,0.05000000000000001,0.0,0.0,0.15000000000000002,0.2,6,"CMA,ECMWF,GFS,ICON,METEOFRANCE,UKMO",33.33333333333333,cukup
2026-10-07T10:00:00+07:00,plta_redelong,0.09999999999999999,0.0,0.0,0.3,0.5,6,"CMA,ECMWF,GFS,ICON,METEOFRANCE,UKMO",33.33333333333333,cukup
2026-10-07T11:00:00+07:00,gpm1,1.3,1.05,0.1,2.75,3.3,6,"CMA,ECMWF,GFS,ICON,METEOFRANCE,UKMO",83.33333333333334,cukup
2026-10-07T11:00:00+07:00,gpm2,1.3166666666666667,1.05,0.15000000000000002,2.75,3.1999999999999997,6,"CMA,ECMWF,GFS,ICON,METEOFRANCE,UKMO",100.0,cukup
2026-10-07T11:00:00+07:00,gpm3,1.3166666666666667,1.05,0.15000000000000002,2.75,3.1999999999999997,6,"CMA,ECMWF,GFS,ICON,METEOFRANCE,UKMO",100.0,cukup
2026-10-07T11:00:00+07:00,gpm4,1.3,1.05,0.1,2.75,3.3,6,"CMA,ECMWF,GFS,ICON,METEOFRANCE,UKMO",83.33333333333334,cukup
2026-10-07T11:00:00+07:00,gpm5,1.3166666666666667,1.05,0.15000000000000002,2.75,3.1999999999999997,6,"CMA,ECMWF,GFS,ICON,METEOFRANCE,UKMO",100.0,cukup
2026-10-07T11:00:00+07:00,gpm6,1.2833333333333334,0.95,0.15000000000000002,2.75,3.1999999999999997,6,"CMA,ECMWF,GFS,ICON,METEOFRANCE,UKMO",100.0,cukup
2026-10-07T11:00:00+07:00,gpm_grid_tamatue,0.5666666666666667,0.55,0.05,1.1,1.5,6,"CMA,ECMWF,GFS,ICON,METEOFRANCE,UKMO",83.33333333333334,cukup
2026-10-07T11:00:00+07:00,plta_redelong,0.7333333333333334,0.55,0.05,1.6,2.2,6,"CMA,ECMWF,GFS,ICON,METEOFRANCE,UKMO",83.33333333333334,cukup
2026-10-07T12:00:00+07:00,gpm1,1.3833333333333335,1.3,0.1,2.75,3.3,6,"CMA,ECMWF,GFS,ICON,METEOFRANCE,UKMO",83.33333333333334,cukup
2026-10-07T12:00:00+07:00,gpm2,1.4500000000000002,1.3,0.30000000000000004,2.75,3.0999999999999996,6,"CMA,ECMWF,GFS,ICON,METEOFRANCE,UKMO",100.0,cukup
2026-10-07T12:00:00+07:00,gpm3,1.4500000000000002,1.3,0.30000000000000004,2.75,3.0999999999999996,6,"CMA,ECMWF,GFS,ICON,METEOFRANCE,UKMO",100.0,cukup
2026-10-07T12:00:00+07:00,gpm4,1.3833333333333335,1.3,0.1,2.75,3.3,6,"CMA,ECMWF,GFS,ICON,METEOFRANCE,UKMO",83.33333333333334,cukup
2026-10-07T12:00:00+07:00,gpm5,1.4500000000000002,1.3,0.30000000000000004,2.75,3.0999999999999996,6,"CMA,ECMWF,GFS,ICON,METEOFRANCE,UKMO",100.0,cukup
2026-10-07T12:00:00+07:00,gpm6,1.4333333333333336,1.25,0.30000000000000004,2.75,3.0999999999999996,6,"CMA,ECMWF,GFS,ICON,METEOFRANCE,UKMO",100.0,cukup
2026-10-07T12:00:00+07:00,gpm_grid_tamatue,0.6,0.6,0.05,1.15,1.5,6,"CMA,ECMWF,GFS,ICON,METEOFRANCE,UKMO",83.33333333333334,cukup
2026-10-07T12:00:00+07:00,plta_redelong,0.8833333333333334,0.65,0.1,1.9000000000000001,2.2,6,"CMA,ECMWF,GFS,ICON,METEOFRANCE,UKMO",83.33333333333334,cukup
2026-10-07T13:00:00+07:00,gpm1,1.5,1.5,0.25,2.75,3.0999999999999996,6,"CMA,ECMWF,GFS,ICON,METEOFRANCE,UKMO",100.0,cukup
2026-10-07T13:00:00+07:00,gpm2,1.6000000000000003,1.5,0.55,2.75,3.0999999999999996,6,"CMA,ECMWF,GFS,ICON,METEOFRANCE,UKMO",100.0,cukup
2026-10-07T13:00:00+07:00,gpm3,1.6000000000000003,1.5,0.55,2.75,3.0999999999999996,6,"CMA,ECMWF,GFS,ICON,METEOFRANCE,UKMO",100.0,cukup
2026-10-07T13:00:00+07:00,gpm4,1.5,1.5,0.25,2.75,3.0999999999999996,6,"CMA,ECMWF,GFS,ICON,METEOFRANCE,UKMO",100.0,cukup
2026-10-07T13:00:00+07:00,gpm5,1.6000000000000003,1.5,0.55,2.75,3.0999999999999996,6,"CMA,ECMWF,GFS,ICON,METEOFRANCE,UKMO",100.0,cukup
2026-10-07T13:00:00+07:00,gpm6,1.616666666666667,1.55,0.55,2.75,3.0999999999999996,6,"CMA,ECMWF,GFS,ICON,METEOFRANCE,UKMO",100.0,cukup
2026-10-07T13:00:00+07:00,gpm_grid_tamatue,0.6333333333333334,0.6,0.05,1.25,1.5,6,"CMA,ECMWF,GFS,ICON,METEOFRANCE,UKMO",83.33333333333334,cukup
2026-10-07T13:00:00+07:00,plta_redelong,1.0666666666666669,0.9,0.1,2.2,2.2,6,"CMA,ECMWF,GFS,ICON,METEOFRANCE,UKMO",83.33333333333334,cukup
2026-10-07T14:00:00+07:00,gpm1,2.766666666666667,1.65,1.0,5.65,8.200000000000001,6,"CMA,ECMWF,GFS,ICON,METEOFRANCE,UKMO",100.0,cukup
2026-10-07T14:00:00+07:00,gpm2,2.6666666666666665,1.65,0.7000000000000001,5.65,8.8,6,"CMA,ECMWF,GFS,ICON,METEOFRANCE,UKMO",100.0,cukup
2026-10-07T14:00:00+07:00,gpm3,2.6666666666666665,1.65,0.7000000000000001,5.65,8.8,6,"CMA,ECMWF,GFS,ICON,METEOFRANCE,UKMO",100.0,cukup
2026-10-07T14:00:00+07:00,gpm4,2.766666666666667,1.65,1.0,5.65,8.200000000000001,6,"CMA,ECMWF,GFS,ICON,METEOFRANCE,UKMO",100.0,cukup
2026-10-07T14:00:00+07:00,gpm5,2.6666666666666665,1.65,0.7000000000000001,5.65,8.8,6,"CMA,ECMWF,GFS,ICON,METEOFRANCE,UKMO",100.0,cukup
2026-10-07T14:00:00+07:00,gpm6,2.6833333333333336,1.65,0.7000000000000001,5.7,8.8,6,"CMA,ECMWF,GFS,ICON,METEOFRANCE,UKMO",100.0,cukup
2026-10-07T14:00:00+07:00,gpm_grid_tamatue,4.166666666666667,1.9500000000000002,1.0,9.55,14.799999999999999,6,"CMA,ECMWF,GFS,ICON,METEOFRANCE,UKMO",100.0,cukup
2026-10-07T14:00:00+07:00,plta_redelong,1.5666666666666667,1.55,1.0,2.15,1.8,6,"CMA,ECMWF,GFS,ICON,METEOFRANCE,UKMO",100.0,cukup
2026-10-07T15:00:00+07:00,gpm1,2.8833333333333333,1.65,1.0499999999999998,5.95,8.200000000000001,6,"CMA,ECMWF,GFS,ICON,METEOFRANCE,UKMO",100.0,cukup
2026-10-07T15:00:00+07:00,gpm2,2.783333333333333,1.65,0.75,5.95,8.8,6,"CMA,ECMWF,GFS,ICON,METEOFRANCE,UKMO",100.0,cukup
2026-10-07T15:00:00+07:00,gpm3,2.783333333333333,1.65,0.75,5.95,8.8,6,"CMA,ECMWF,GFS,ICON,METEOFRANCE,UKMO",100.0,cukup
2026-10-07T15:00:00+07:00,gpm4,2.8833333333333333,1.65,1.0499999999999998,5.95,8.200000000000001,6,"CMA,ECMWF,GFS,ICON,METEOFRANCE,UKMO",100.0,cukup
2026-10-07T15:00:00+07:00,gpm5,2.783333333333333,1.65,0.75,5.95,8.8,6,"CMA,ECMWF,GFS,ICON,METEOFRANCE,UKMO",100.0,cukup
2026-10-07T15:00:00+07:00,gpm6,2.8000000000000003,1.65,0.75,6.0,8.8,6,"CMA,ECMWF,GFS,ICON,METEOFRANCE,UKMO",100.0,cukup
2026-10-07T15:00:00+07:00,gpm_grid_tamatue,4.933333333333334,3.05,1.7000000000000002,10.05,13.6,6,"CMA,ECMWF,GFS,ICON,METEOFRANCE,UKMO",100.0,cukup
2026-10-07T15:00:00+07:00,plta_redelong,1.6833333333333336,1.55,1.0499999999999998,2.45,2.4000000000000004,6,"CMA,ECMWF,GFS,ICON,METEOFRANCE,UKMO",100.0,cukup
2026-10-07T16:00:00+07:00,gpm1,2.8000000000000003,1.65,0.95,5.800000000000001,8.200000000000001,6,"CMA,ECMWF,GFS,ICON,METEOFRANCE,UKMO",100.0,cukup
2026-10-07T16:00:00+07:00,gpm2,2.6666666666666665,1.65,0.55,5.800000000000001,8.8,6,"CMA,ECMWF,GFS,ICON,METEOFRANCE,UKMO",100.0,cukup
2026-10-07T16:00:00+07:00,gpm3,2.6666666666666665,1.65,0.55,5.800000000000001,8.8,6,"CMA,ECMWF,GFS,ICON,METEOFRANCE,UKMO",100.0,cukup
2026-10-07T16:00:00+07:00,gpm4,2.8000000000000003,1.65,0.95,5.800000000000001,8.200000000000001,6,"CMA,ECMWF,GFS,ICON,METEOFRANCE,UKMO",100.0,cukup
2026-10-07T16:00:00+07:00,gpm5,2.6666666666666665,1.65,0.55,5.800000000000001,8.8,6,"CMA,ECMWF,GFS,ICON,METEOFRANCE,UKMO",100.0,cukup
2026-10-07T16:00:00+07:00,gpm6,2.5833333333333335,1.65,0.55,5.550000000000001,8.8,6,"CMA,ECMWF,GFS,ICON,METEOFRANCE,UKMO",100.0,cukup
2026-10-07T16:00:00+07:00,gpm_grid_tamatue,5.133333333333333,3.05,1.65,10.7,13.6,6,"CMA,ECMWF,GFS,ICON,METEOFRANCE,UKMO",100.0,cukup
2026-10-07T16:00:00+07:00,plta_redelong,1.4666666666666668,1.55,0.85,2.0,1.5000000000000002,6,"CMA,ECMWF,GFS,ICON,METEOFRANCE,UKMO",100.0,cukup
2026-10-07T17:00:00+07:00,gpm1,6.3999999999999995,2.65,0.75,15.799999999999999,25.2,6,"CMA,ECMWF,GFS,ICON,METEOFRANCE,UKMO",100.0,cukup
2026-10-07T17:00:00+07:00,gpm2,5.6000000000000005,1.8499999999999999,0.5,14.45,25.7,6,"CMA,ECMWF,GFS,ICON,METEOFRANCE,UKMO",100.0,cukup
2026-10-07T17:00:00+07:00,gpm3,5.6000000000000005,1.8499999999999999,0.5,14.45,25.7,6,"CMA,ECMWF,GFS,ICON,METEOFRANCE,UKMO",100.0,cukup
2026-10-07T17:00:00+07:00,gpm4,6.3999999999999995,2.65,0.75,15.799999999999999,25.2,6,"CMA,ECMWF,GFS,ICON,METEOFRANCE,UKMO",100.0,cukup
2026-10-07T17:00:00+07:00,gpm5,5.6000000000000005,1.8499999999999999,0.5,14.45,25.7,6,"CMA,ECMWF,GFS,ICON,METEOFRANCE,UKMO",100.0,cukup
2026-10-07T17:00:00+07:00,gpm6,5.416666666666667,1.65,0.5,14.1,25.7,6,"CMA,ECMWF,GFS,ICON,METEOFRANCE,UKMO",100.0,cukup
2026-10-07T17:00:00+07:00,gpm_grid_tamatue,6.25,3.1,1.1,14.55,20.3,6,"CMA,ECMWF,GFS,ICON,METEOFRANCE,UKMO",100.0,cukup
2026-10-07T17:00:00+07:00,plta_redelong,6.116666666666667,2.05,1.1,15.200000000000001,27.3,6,"CMA,ECMWF,GFS,ICON,METEOFRANCE,UKMO",100.0,cukup
2026-10-07T18:00:00+07:00,gpm1,6.183333333333333,2.25,0.5,15.799999999999999,25.7,6,"CMA,ECMWF,GFS,ICON,METEOFRANCE,UKMO",100.0,cukup
2026-10-07T18:00:00+07:00,gpm2,5.449999999999999,1.75,0.5,14.1,25.7,6,"CMA,ECMWF,GFS,ICON,METEOFRANCE,UKMO",100.0,cukup
2026-10-07T18:00:00+07:00,gpm3,5.449999999999999,1.75,0.5,14.1,25.7,6,"CMA,ECMWF,GFS,ICON,METEOFRANCE,UKMO",100.0,cukup
2026-10-07T18:00:00+07:00,gpm4,6.183333333333333,2.25,0.5,15.799999999999999,25.7,6,"CMA,ECMWF,GFS,ICON,METEOFRANCE,UKMO",100.0,cukup
2026-10-07T18:00:00+07:00,gpm5,5.449999999999999,1.75,0.5,14.1,25.7,6,"CMA,ECMWF,GFS,ICON,METEOFRANCE,UKMO",100.0,cukup
2026-10-07T18:00:00+07:00,gpm6,5.533333333333332,1.7999999999999998,0.5,14.299999999999999,25.7,6,"CMA,ECMWF,GFS,ICON,METEOFRANCE,UKMO",100.0,cukup
2026-10-07T18:00:00+07:00,gpm_grid_tamatue,5.75,2.05,0.65,14.55,20.3,6,"CMA,ECMWF,GFS,ICON,METEOFRANCE,UKMO",100.0,cukup
2026-10-07T18:00:00+07:00,plta_redelong,6.233333333333334,2.25,1.05,15.4,27.3,6,"CMA,ECMWF,GFS,ICON,METEOFRANCE,UKMO",100.0,cukup
2026-10-07T19:00:00+07:00,gpm1,6.133333333333333,2.2,0.4,15.799999999999999,25.9,6,"CMA,ECMWF,GFS,ICON,METEOFRANCE,UKMO",83.33333333333334,cukup
2026-10-07T19:00:00+07:00,gpm2,5.216666666666666,1.4500000000000002,0.1,14.1,25.9,6,"CMA,ECMWF,GFS,ICON,METEOFRANCE,UKMO",83.33333333333334,cukup
2026-10-07T19:00:00+07:00,gpm3,5.216666666666666,1.4500000000000002,0.1,14.1,25.9,6,"CMA,ECMWF,GFS,ICON,METEOFRANCE,UKMO",83.33333333333334,cukup
2026-10-07T19:00:00+07:00,gpm4,6.133333333333333,2.2,0.4,15.799999999999999,25.9,6,"CMA,ECMWF,GFS,ICON,METEOFRANCE,UKMO",83.33333333333334,cukup
2026-10-07T19:00:00+07:00,gpm5,5.216666666666666,1.4500000000000002,0.1,14.1,25.9,6,"CMA,ECMWF,GFS,ICON,METEOFRANCE,UKMO",83.33333333333334,cukup
2026-10-07T19:00:00+07:00,gpm6,5.349999999999999,1.5499999999999998,0.1,14.399999999999999,25.9,6,"CMA,ECMWF,GFS,ICON,METEOFRANCE,UKMO",83.33333333333334,cukup
2026-10-07T19:00:00+07:00,gpm_grid_tamatue,5.566666666666667,2.0,0.15,14.55,20.6,6,"CMA,ECMWF,GFS,ICON,METEOFRANCE,UKMO",83.33333333333334,cukup
2026-10-07T19:00:00+07:00,plta_redelong,6.05,2.25,0.4,15.5,28.1,6,"CMA,ECMWF,GFS,ICON,METEOFRANCE,UKMO",83.33333333333334,cukup
2026-10-07T20:00:00+07:00,gpm1,0.9500000000000001,1.1,0.1,1.65,1.7,6,"CMA,ECMWF,GFS,ICON,METEOFRANCE,UKMO",83.33333333333334,cukup
2026-10-07T20:00:00+07:00,gpm2,0.6833333333333335,0.55,0.05,1.4500000000000002,1.6,6,"CMA,ECMWF,GFS,ICON,METEOFRANCE,UKMO",83.33333333333334,cukup
2026-10-07T20:00:00+07:00,gpm3,0.6833333333333335,0.55,0.05,1.4500000000000002,1.6,6,"CMA,ECMWF,GFS,ICON,METEOFRANCE,UKMO",83.33333333333334,cukup
2026-10-07T20:00:00+07:00,gpm4,0.9500000000000001,1.1,0.1,1.65,1.7,6,"CMA,ECMWF,GFS,ICON,METEOFRANCE,UKMO",83.33333333333334,cukup
2026-10-07T20:00:00+07:00,gpm5,0.6833333333333335,0.55,0.05,1.4500000000000002,1.6,6,"CMA,ECMWF,GFS,ICON,METEOFRANCE,UKMO",83.33333333333334,cukup
2026-10-07T20:00:00+07:00,gpm6,0.8333333333333334,0.55,0.05,1.9,2.5,6,"CMA,ECMWF,GFS,ICON,METEOFRANCE,UKMO",83.33333333333334,cukup
2026-10-07T20:00:00+07:00,gpm_grid_tamatue,1.5999999999999999,0.8,0.05,3.95,6.5,6,"CMA,ECMWF,GFS,ICON,METEOFRANCE,UKMO",83.33333333333334,cukup
2026-10-07T20:00:00+07:00,plta_redelong,0.9166666666666666,0.55,0.1,2.1,2.5,6,"CMA,ECMWF,GFS,ICON,METEOFRANCE,UKMO",83.33333333333334,cukup
2026-10-07T21:00:00+07:00,gpm1,0.9,1.1,0.1,1.5,1.7,6,"CMA,ECMWF,GFS,ICON,METEOFRANCE,UKMO",83.33333333333334,cukup
2026-10-07T21:00:00+07:00,gpm2,0.6333333333333333,0.55,0.05,1.3,1.3,6,"CMA,ECMWF,GFS,ICON,METEOFRANCE,UKMO",83.33333333333334,cukup
2026-10-07T21:00:00+07:00,gpm3,0.6333333333333333,0.55,0.05,1.3,1.3,6,"CMA,ECMWF,GFS,ICON,METEOFRANCE,UKMO",83.33333333333334,cukup
2026-10-07T21:00:00+07:00,gpm4,0.9,1.1,0.1,1.5,1.7,6,"CMA,ECMWF,GFS,ICON,METEOFRANCE,UKMO",83.33333333333334,cukup
2026-10-07T21:00:00+07:00,gpm5,0.6333333333333333,0.55,0.05,1.3,1.3,6,"CMA,ECMWF,GFS,ICON,METEOFRANCE,UKMO",83.33333333333334,cukup
2026-10-07T21:00:00+07:00,gpm6,0.7666666666666667,0.55,0.05,1.7000000000000002,2.1,6,"CMA,ECMWF,GFS,ICON,METEOFRANCE,UKMO",83.33333333333334,cukup
2026-10-07T21:00:00+07:00,gpm_grid_tamatue,1.6166666666666665,0.8500000000000001,0.05,3.95,6.5,6,"CMA,ECMWF,GFS,ICON,METEOFRANCE,UKMO",83.33333333333334,cukup
2026-10-07T21:00:00+07:00,plta_redelong,0.85,0.55,0.1,1.9,2.1,6,"CMA,ECMWF,GFS,ICON,METEOFRANCE,UKMO",83.33333333333334,cukup
2026-10-07T22:00:00+07:00,gpm1,0.9333333333333332,1.1,0.1,1.6,1.7,6,"CMA,ECMWF,GFS,ICON,METEOFRANCE,UKMO",83.33333333333334,cukup
2026-10-07T22:00:00+07:00,gpm2,0.6666666666666666,0.55,0.05,1.4,1.5,6,"CMA,ECMWF,GFS,ICON,METEOFRANCE,UKMO",83.33333333333334,cukup
2026-10-07T22:00:00+07:00,gpm3,0.6666666666666666,0.55,0.05,1.4,1.5,6,"CMA,ECMWF,GFS,ICON,METEOFRANCE,UKMO",83.33333333333334,cukup
2026-10-07T22:00:00+07:00,gpm4,0.9333333333333332,1.1,0.1,1.6,1.7,6,"CMA,ECMWF,GFS,ICON,METEOFRANCE,UKMO",83.33333333333334,cukup
2026-10-07T22:00:00+07:00,gpm5,0.6666666666666666,0.55,0.05,1.4,1.5,6,"CMA,ECMWF,GFS,ICON,METEOFRANCE,UKMO",83.33333333333334,cukup
2026-10-07T22:00:00+07:00,gpm6,0.7666666666666667,0.55,0.05,1.7000000000000002,2.1,6,"CMA,ECMWF,GFS,ICON,METEOFRANCE,UKMO",83.33333333333334,cukup
2026-10-07T22:00:00+07:00,gpm_grid_tamatue,1.6666666666666667,0.8999999999999999,0.05,4.05,6.5,6,"CMA,ECMWF,GFS,ICON,METEOFRANCE,UKMO",83.33333333333334,cukup
2026-10-07T22:00:00+07:00,plta_redelong,0.85,0.55,0.1,1.9,2.1,6,"CMA,ECMWF,GFS,ICON,METEOFRANCE,UKMO",83.33333333333334,cukup
2026-10-07T23:00:00+07:00,gpm1,0.2833333333333334,0.0,0.0,0.8500000000000001,1.6,6,"CMA,ECMWF,GFS,ICON,METEOFRANCE,UKMO",33.33333333333333,cukup
2026-10-07T23:00:00+07:00,gpm2,0.2833333333333334,0.0,0.0,0.8500000000000001,1.6,6,"CMA,ECMWF,GFS,ICON,METEOFRANCE,UKMO",33.33333333333333,cukup
2026-10-07T23:00:00+07:00,gpm3,0.2833333333333334,0.0,0.0,0.8500000000000001,1.6,6,"CMA,ECMWF,GFS,ICON,METEOFRANCE,UKMO",33.33333333333333,cukup
2026-10-07T23:00:00+07:00,gpm4,0.2833333333333334,0.0,0.0,0.8500000000000001,1.6,6,"CMA,ECMWF,GFS,ICON,METEOFRANCE,UKMO",33.33333333333333,cukup
2026-10-07T23:00:00+07:00,gpm5,0.2833333333333334,0.0,0.0,0.8500000000000001,1.6,6,"CMA,ECMWF,GFS,ICON,METEOFRANCE,UKMO",33.33333333333333,cukup
2026-10-07T23:00:00+07:00,gpm6,0.4166666666666667,0.0,0.0,1.25,2.4,6,"CMA,ECMWF,GFS,ICON,METEOFRANCE,UKMO",33.33333333333333,cukup
2026-10-07T23:00:00+07:00,gpm_grid_tamatue,0.5666666666666667,0.05,0.0,1.65,2.8,6,"CMA,ECMWF,GFS,ICON,METEOFRANCE,UKMO",50.0,cukup
2026-10-07T23:00:00+07:00,plta_redelong,0.4166666666666667,0.0,0.0,1.25,2.4,6,"CMA,ECMWF,GFS,ICON,METEOFRANCE,UKMO",33.33333333333333,cukup
2026-10-08T00:00:00+07:00,gpm1,1.1666666666666667,0.0,0.0,3.5,6.9,6,"CMA,ECMWF,GFS,ICON,METEOFRANCE,UKMO",33.33333333333333,cukup
2026-10-08T00:00:00+07:00,gpm2,1.1666666666666667,0.0,0.0,3.5,6.9,6,"CMA,ECMWF,GFS,ICON,METEOFRANCE,UKMO",33.33333333333333,cukup
2026-10-08T00:00:00+07:00,gpm3,1.1666666666666667,0.0,0.0,3.5,6.9,6,"CMA,ECMWF,GFS,ICON,METEOFRANCE,UKMO",33.33333333333333,cukup
2026-10-08T00:00:00+07:00,gpm4,1.1666666666666667,0.0,0.0,3.5,6.9,6,"CMA,ECMWF,GFS,ICON,METEOFRANCE,UKMO",33.33333333333333,cukup
2026-10-08T00:00:00+07:00,gpm5,1.1666666666666667,0.0,0.0,3.5,6.9,6,"CMA,ECMWF,GFS,ICON,METEOFRANCE,UKMO",33.33333333333333,cukup
2026-10-08T00:00:00+07:00,gpm6,2.4,0.0,0.0,7.2,14.3,6,"CMA,ECMWF,GFS,ICON,METEOFRANCE,UKMO",33.33333333333333,cukup
2026-10-08T00:00:00+07:00,gpm_grid_tamatue,0.65,0.1,0.0,1.85,3.2,6,"CMA,ECMWF,GFS,ICON,METEOFRANCE,UKMO",50.0,cukup
2026-10-08T00:00:00+07:00,plta_redelong,2.4,0.0,0.0,7.2,14.3,6,"CMA,ECMWF,GFS,ICON,METEOFRANCE,UKMO",33.33333333333333,cukup
2026-10-08T01:00:00+07:00,gpm1,4.366666666666667,0.0,0.0,13.100000000000001,26.1,6,"CMA,ECMWF,GFS,ICON,METEOFRANCE,UKMO",33.33333333333333,cukup
2026-10-08T01:00:00+07:00,gpm2,4.366666666666667,0.0,0.0,13.100000000000001,26.1,6,"CMA,ECMWF,GFS,ICON,METEOFRANCE,UKMO",33.33333333333333,cukup
2026-10-08T01:00:00+07:00,gpm3,4.366666666666667,0.0,0.0,13.100000000000001,26.1,6,"CMA,ECMWF,GFS,ICON,METEOFRANCE,UKMO",33.33333333333333,cukup
2026-10-08T01:00:00+07:00,gpm4,4.366666666666667,0.0,0.0,13.100000000000001,26.1,6,"CMA,ECMWF,GFS,ICON,METEOFRANCE,UKMO",33.33333333333333,cukup
2026-10-08T01:00:00+07:00,gpm5,4.366666666666667,0.0,0.0,13.100000000000001,26.1,6,"CMA,ECMWF,GFS,ICON,METEOFRANCE,UKMO",33.33333333333333,cukup
2026-10-08T01:00:00+07:00,gpm6,5.233333333333333,0.0,0.0,15.700000000000001,31.3,6,"CMA,ECMWF,GFS,ICON,METEOFRANCE,UKMO",33.33333333333333,cukup
2026-10-08T01:00:00+07:00,gpm_grid_tamatue,3.066666666666667,0.05,0.0,9.15,17.8,6,"CMA,ECMWF,GFS,ICON,METEOFRANCE,UKMO",50.0,cukup
2026-10-08T01:00:00+07:00,plta_redelong,5.233333333333333,0.0,0.0,15.700000000000001,31.3,6,"CMA,ECMWF,GFS,ICON,METEOFRANCE,UKMO",33.33333333333333,cukup
2026-10-08T02:00:00+07:00,gpm1,4.233333333333333,0.0,0.0,12.7,25.4,6,"CMA,ECMWF,GFS,ICON,METEOFRANCE,UKMO",16.666666666666664,cukup
2026-10-08T02:00:00+07:00,gpm2,4.233333333333333,0.0,0.0,12.7,25.4,6,"CMA,ECMWF,GFS,ICON,METEOFRANCE,UKMO",16.666666666666664,cukup
2026-10-08T02:00:00+07:00,gpm3,4.233333333333333,0.0,0.0,12.7,25.4,6,"CMA,ECMWF,GFS,ICON,METEOFRANCE,UKMO",16.666666666666664,cukup
2026-10-08T02:00:00+07:00,gpm4,4.233333333333333,0.0,0.0,12.7,25.4,6,"CMA,ECMWF,GFS,ICON,METEOFRANCE,UKMO",16.666666666666664,cukup
2026-10-08T02:00:00+07:00,gpm5,4.233333333333333,0.0,0.0,12.7,25.4,6,"CMA,ECMWF,GFS,ICON,METEOFRANCE,UKMO",16.666666666666664,cukup
2026-10-08T02:00:00+07:00,gpm6,3.1166666666666667,0.0,0.0,9.35,18.7,6,"CMA,ECMWF,GFS,ICON,METEOFRANCE,UKMO",16.666666666666664,cukup
2026-10-08T02:00:00+07:00,gpm_grid_tamatue,5.316666666666666,0.0,0.0,15.95,31.9,6,"CMA,ECMWF,GFS,ICON,METEOFRANCE,UKMO",16.666666666666664,cukup
2026-10-08T02:00:00+07:00,plta_redelong,3.1166666666666667,0.0,0.0,9.35,18.7,6,"CMA,ECMWF,GFS,ICON,METEOFRANCE,UKMO",16.666666666666664,cukup
2026-10-08T03:00:00+07:00,gpm1,0.9666666666666667,0.0,0.0,2.9,5.8,6,"CMA,ECMWF,GFS,ICON,METEOFRANCE,UKMO",16.666666666666664,cukup
2026-10-08T03:00:00+07:00,gpm2,0.9666666666666667,0.0,0.0,2.9,5.8,6,"CMA,ECMWF,GFS,ICON,METEOFRANCE,UKMO",16.666666666666664,cukup
2026-10-08T03:00:00+07:00,gpm3,0.9666666666666667,0.0,0.0,2.9,5.8,6,"CMA,ECMWF,GFS,ICON,METEOFRANCE,UKMO",16.666666666666664,cukup
2026-10-08T03:00:00+07:00,gpm4,0.9666666666666667,0.0,0.0,2.9,5.8,6,"CMA,ECMWF,GFS,ICON,METEOFRANCE,UKMO",16.666666666666664,cukup
2026-10-08T03:00:00+07:00,gpm5,0.9666666666666667,0.0,0.0,2.9,5.8,6,"CMA,ECMWF,GFS,ICON,METEOFRANCE,UKMO",16.666666666666664,cukup
2026-10-08T03:00:00+07:00,gpm6,0.7166666666666667,0.0,0.0,2.15,4.3,6,"CMA,ECMWF,GFS,ICON,METEOFRANCE,UKMO",16.666666666666664,cukup
2026-10-08T03:00:00+07:00,gpm_grid_tamatue,1.2333333333333334,0.0,0.0,3.7,7.4,6,"CMA,ECMWF,GFS,ICON,METEOFRANCE,UKMO",16.666666666666664,cukup
2026-10-08T03:00:00+07:00,plta_redelong,0.7166666666666667,0.0,0.0,2.15,4.3,6,"CMA,ECMWF,GFS,ICON,METEOFRANCE,UKMO",16.666666666666664,cukup
2026-10-08T04:00:00+07:00,gpm1,0.5166666666666667,0.0,0.0,1.55,3.1,6,"CMA,ECMWF,GFS,ICON,METEOFRANCE,UKMO",16.666666666666664,cukup
2026-10-08T04:00:00+07:00,gpm2,0.5166666666666667,0.0,0.0,1.55,3.1,6,"CMA,ECMWF,GFS,ICON,METEOFRANCE,UKMO",16.666666666666664,cukup
2026-10-08T04:00:00+07:00,gpm3,0.5166666666666667,0.0,0.0,1.55,3.1,6,"CMA,ECMWF,GFS,ICON,METEOFRANCE,UKMO",16.666666666666664,cukup
2026-10-08T04:00:00+07:00,gpm4,0.5166666666666667,0.0,0.0,1.55,3.1,6,"CMA,ECMWF,GFS,ICON,METEOFRANCE,UKMO",16.666666666666664,cukup
2026-10-08T04:00:00+07:00,gpm5,0.5166666666666667,0.0,0.0,1.55,3.1,6,"CMA,ECMWF,GFS,ICON,METEOFRANCE,UKMO",16.666666666666664,cukup
2026-10-08T04:00:00+07:00,gpm6,0.5833333333333334,0.0,0.0,1.75,3.5,6,"CMA,ECMWF,GFS,ICON,METEOFRANCE,UKMO",16.666666666666664,cukup
2026-10-08T04:00:00+07:00,gpm_grid_tamatue,0.26666666666666666,0.0,0.0,0.8,1.6,6,"CMA,ECMWF,GFS,ICON,METEOFRANCE,UKMO",16.666666666666664,cukup
2026-10-08T04:00:00+07:00,plta_redelong,0.5833333333333334,0.0,0.0,1.75,3.5,6,"CMA,ECMWF,GFS,ICON,METEOFRANCE,UKMO",16.666666666666664,cukup
2026-10-08T05:00:00+07:00,gpm1,0.8833333333333333,0.0,0.0,2.65,5.3,6,"CMA,ECMWF,GFS,ICON,METEOFRANCE,UKMO",16.666666666666664,cukup
2026-10-08T05:00:00+07:00,gpm2,0.8833333333333333,0.0,0.0,2.65,5.3,6,"CMA,ECMWF,GFS,ICON,METEOFRANCE,UKMO",16.666666666666664,cukup
2026-10-08T05:00:00+07:00,gpm3,0.8833333333333333,0.0,0.0,2.65,5.3,6,"CMA,ECMWF,GFS,ICON,METEOFRANCE,UKMO",16.666666666666664,cukup
2026-10-08T05:00:00+07:00,gpm4,0.8833333333333333,0.0,0.0,2.65,5.3,6,"CMA,ECMWF,GFS,ICON,METEOFRANCE,UKMO",16.666666666666664,cukup
2026-10-08T05:00:00+07:00,gpm5,0.8833333333333333,0.0,0.0,2.65,5.3,6,"CMA,ECMWF,GFS,ICON,METEOFRANCE,UKMO",16.666666666666664,cukup
2026-10-08T05:00:00+07:00,gpm6,0.5666666666666667,0.0,0.0,1.7,3.4,6,"CMA,ECMWF,GFS,ICON,METEOFRANCE,UKMO",16.666666666666664,cukup
2026-10-08T05:00:00+07:00,gpm_grid_tamatue,1.0166666666666666,0.0,0.0,3.05,6.1,6,"CMA,ECMWF,GFS,ICON,METEOFRANCE,UKMO",16.666666666666664,cukup
2026-10-08T05:00:00+07:00,plta_redelong,0.5666666666666667,0.0,0.0,1.7,3.4,6,"CMA,ECMWF,GFS,ICON,METEOFRANCE,UKMO",16.666666666666664,cukup
2026-10-08T06:00:00+07:00,gpm1,0.6833333333333332,0.0,0.0,2.05,4.1,6,"CMA,ECMWF,GFS,ICON,METEOFRANCE,UKMO",16.666666666666664,cukup
2026-10-08T06:00:00+07:00,gpm2,0.6833333333333332,0.0,0.0,2.05,4.1,6,"CMA,ECMWF,GFS,ICON,METEOFRANCE,UKMO",16.666666666666664,cukup
2026-10-08T06:00:00+07:00,gpm3,0.6833333333333332,0.0,0.0,2.05,4.1,6,"CMA,ECMWF,GFS,ICON,METEOFRANCE,UKMO",16.666666666666664,cukup
2026-10-08T06:00:00+07:00,gpm4,0.6833333333333332,0.0,0.0,2.05,4.1,6,"CMA,ECMWF,GFS,ICON,METEOFRANCE,UKMO",16.666666666666664,cukup
2026-10-08T06:00:00+07:00,gpm5,0.6833333333333332,0.0,0.0,2.05,4.1,6,"CMA,ECMWF,GFS,ICON,METEOFRANCE,UKMO",16.666666666666664,cukup
2026-10-08T06:00:00+07:00,gpm6,0.31666666666666665,0.0,0.0,0.95,1.9,6,"CMA,ECMWF,GFS,ICON,METEOFRANCE,UKMO",16.666666666666664,cukup
2026-10-08T06:00:00+07:00,gpm_grid_tamatue,1.05,0.0,0.0,3.15,6.3,6,"CMA,ECMWF,GFS,ICON,METEOFRANCE,UKMO",16.666666666666664,cukup
2026-10-08T06:00:00+07:00,plta_redelong,0.31666666666666665,0.0,0.0,0.95,1.9,6,"CMA,ECMWF,GFS,ICON,METEOFRANCE,UKMO",16.666666666666664,cukup
2026-10-08T07:00:00+07:00,gpm1,0.21666666666666667,0.0,0.0,0.65,1.3,6,"CMA,ECMWF,GFS,ICON,METEOFRANCE,UKMO",16.666666666666664,cukup
2026-10-08T07:00:00+07:00,gpm2,0.21666666666666667,0.0,0.0,0.65,1.3,6,"CMA,ECMWF,GFS,ICON,METEOFRANCE,UKMO",16.666666666666664,cukup
2026-10-08T07:00:00+07:00,gpm3,0.21666666666666667,0.0,0.0,0.65,1.3,6,"CMA,ECMWF,GFS,ICON,METEOFRANCE,UKMO",16.666666666666664,cukup
2026-10-08T07:00:00+07:00,gpm4,0.21666666666666667,0.0,0.0,0.65,1.3,6,"CMA,ECMWF,GFS,ICON,METEOFRANCE,UKMO",16.666666666666664,cukup
2026-10-08T07:00:00+07:00,gpm5,0.21666666666666667,0.0,0.0,0.65,1.3,6,"CMA,ECMWF,GFS,ICON,METEOFRANCE,UKMO",16.666666666666664,cukup
2026-10-08T07:00:00+07:00,gpm6,0.13333333333333333,0.0,0.0,0.4,0.8,6,"CMA,ECMWF,GFS,ICON,METEOFRANCE,UKMO",16.666666666666664,cukup
2026-10-08T07:00:00+07:00,gpm_grid_tamatue,0.26666666666666666,0.0,0.0,0.8,1.6,6,"CMA,ECMWF,GFS,ICON,METEOFRANCE,UKMO",16.666666666666664,cukup
2026-10-08T07:00:00+07:00,plta_redelong,0.13333333333333333,0.0,0.0,0.4,0.8,6,"CMA,ECMWF,GFS,ICON,METEOFRANCE,UKMO",16.666666666666664,cukup
2026-10-08T08:00:00+07:00,gpm1,0.08333333333333333,0.0,0.0,0.25,0.4,6,"CMA,ECMWF,GFS,ICON,METEOFRANCE,UKMO",33.33333333333333,cukup
2026-10-08T08:00:00+07:00,gpm2,0.06666666666666667,0.0,0.0,0.2,0.4,6,"CMA,ECMWF,GFS,ICON,METEOFRANCE,UKMO",16.666666666666664,cukup
2026-10-08T08:00:00+07:00,gpm3,0.06666666666666667,0.0,0.0,0.2,0.4,6,"CMA,ECMWF,GFS,ICON,METEOFRANCE,UKMO",16.666666666666664,cukup
2026-10-08T08:00:00+07:00,gpm4,0.08333333333333333,0.0,0.0,0.25,0.4,6,"CMA,ECMWF,GFS,ICON,METEOFRANCE,UKMO",33.33333333333333,cukup
2026-10-08T08:00:00+07:00,gpm5,0.06666666666666667,0.0,0.0,0.2,0.4,6,"CMA,ECMWF,GFS,ICON,METEOFRANCE,UKMO",16.666666666666664,cukup
2026-10-08T08:00:00+07:00,gpm6,0.016666666666666666,0.0,0.0,0.05,0.1,6,"CMA,ECMWF,GFS,ICON,METEOFRANCE,UKMO",16.666666666666664,cukup
2026-10-08T08:00:00+07:00,gpm_grid_tamatue,0.03333333333333333,0.0,0.0,0.1,0.2,6,"CMA,ECMWF,GFS,ICON,METEOFRANCE,UKMO",16.666666666666664,cukup
2026-10-08T08:00:00+07:00,plta_redelong,0.016666666666666666,0.0,0.0,0.05,0.1,6,"CMA,ECMWF,GFS,ICON,METEOFRANCE,UKMO",16.666666666666664,cukup
2026-10-08T09:00:00+07:00,gpm1,0.016666666666666666,0.0,0.0,0.05,0.1,6,"CMA,ECMWF,GFS,ICON,METEOFRANCE,UKMO",16.666666666666664,cukup
2026-10-08T09:00:00+07:00,gpm2,0.0,0.0,0.0,0.0,0.0,6,"CMA,ECMWF,GFS,ICON,METEOFRANCE,UKMO",0.0,cukup
2026-10-08T09:00:00+07:00,gpm3,0.0,0.0,0.0,0.0,0.0,6,"CMA,ECMWF,GFS,ICON,METEOFRANCE,UKMO",0.0,cukup
2026-10-08T09:00:00+07:00,gpm4,0.016666666666666666,0.0,0.0,0.05,0.1,6,"CMA,ECMWF,GFS,ICON,METEOFRANCE,UKMO",16.666666666666664,cukup
2026-10-08T09:00:00+07:00,gpm5,0.0,0.0,0.0,0.0,0.0,6,"CMA,ECMWF,GFS,ICON,METEOFRANCE,UKMO",0.0,cukup
2026-10-08T09:00:00+07:00,gpm6,0.0,0.0,0.0,0.0,0.0,6,"CMA,ECMWF,GFS,ICON,METEOFRANCE,UKMO",0.0,cukup
2026-10-08T09:00:00+07:00,gpm_grid_tamatue,0.016666666666666666,0.0,0.0,0.05,0.1,6,"CMA,ECMWF,GFS,ICON,METEOFRANCE,UKMO",16.666666666666664,cukup
2026-10-08T09:00:00+07:00,plta_redelong,0.0,0.0,0.0,0.0,0.0,6,"CMA,ECMWF,GFS,ICON,METEOFRANCE,UKMO",0.0,cukup
