jam,cuaca,suhu_C,kelembapan_RH_pct,heat_index_C,terasa_seperti_C,dew_point_C,tekanan_udara_hpa,peluang_hujan_pct,curah_hujan_p50_mm,curah_hujan_p90_mm,angin_kmh,hembusan_angin_p90_kmh,arah_angin_derajat,tutupan_awan_pct,jarak_pandang_p10_m,indeks_uv,risiko_hujan,saran
00:00,Hujan Ringan,17.2,95.0,17.2,17.2,,,66.7,0.1,0.5,2.4,,,88.0,,,medium,"Bawa payung/jas hujan dan gunakan interpretasi konservatif, terutama jika keluar setelah siang."
01:00,Hujan Ringan,17.0,96.0,17.0,17.0,,,66.7,0.1,1.0,3.4,,,88.0,,,medium,"Bawa payung/jas hujan dan gunakan interpretasi konservatif, terutama jika keluar setelah siang."
02:00,Berawan,16.8,96.0,16.8,16.8,,,33.3,0.0,1.7,4.0,,,75.0,,,medium,Risiko relatif terkendali; keputusan normal masih masuk akal dengan pemantauan berkala.
03:00,Hujan Ringan,16.7,95.0,16.7,16.7,,,33.3,0.0,0.6,3.9,,,75.0,,,medium,Risiko relatif terkendali; keputusan normal masih masuk akal dengan pemantauan berkala.
04:00,Berawan,16.6,95.0,16.6,16.6,,,16.7,0.0,0.3,3.8,,,75.0,,,low,Risiko relatif terkendali; keputusan normal masih masuk akal dengan pemantauan berkala.
05:00,Berawan,16.6,96.0,16.6,16.6,,,16.7,0.0,0.2,4.1,,,75.0,,,low,Risiko relatif terkendali; keputusan normal masih masuk akal dengan pemantauan berkala.
06:00,Berawan,16.6,95.0,16.6,16.6,,,16.7,0.0,0.2,4.7,,,75.0,,,low,Risiko relatif terkendali; keputusan normal masih masuk akal dengan pemantauan berkala.
07:00,Berawan,16.8,94.0,16.8,16.8,,,16.7,0.0,0.2,4.7,,,75.0,,,low,"Window relatif baik untuk aktivitas luar ruang, tetapi tetap cek update menjelang siang."
08:00,Berawan,18.1,90.0,18.1,18.1,,,16.7,0.0,0.2,2.4,,,75.0,,,low,"Window relatif baik untuk aktivitas luar ruang, tetapi tetap cek update menjelang siang."
09:00,Berawan,20.0,83.0,20.0,20.0,,,33.3,0.0,0.2,2.2,,,75.0,,,medium,"Window relatif baik untuk aktivitas luar ruang, tetapi tetap cek update menjelang siang."
10:00,Berawan,21.6,78.0,21.6,21.6,,,33.3,0.0,0.4,3.3,,,75.0,,,low,"Window relatif baik untuk aktivitas luar ruang, tetapi tetap cek update menjelang siang."
11:00,Hujan Ringan,22.1,80.0,22.1,22.1,,,83.3,0.8,3.1,4.3,,,88.0,,,high,"Bawa payung/jas hujan dan gunakan interpretasi konservatif, terutama jika keluar setelah siang."
12:00,Hujan Ringan,22.0,81.0,22.0,22.0,,,83.3,1.7,3.1,4.7,,,88.0,,,high,"Bawa payung/jas hujan dan gunakan interpretasi konservatif, terutama jika keluar setelah siang."
13:00,Hujan Ringan,21.2,84.0,21.2,21.2,,,83.3,2.3,3.1,4.8,,,88.0,,,high,"Bawa payung/jas hujan dan gunakan interpretasi konservatif, terutama jika keluar setelah siang."
14:00,Hujan Lebat,20.7,88.0,20.7,20.7,,,100.0,4.0,33.4,3.6,,,94.0,,,very_high,"Bawa payung/jas hujan dan gunakan interpretasi konservatif, terutama jika keluar setelah siang."
15:00,Hujan Sedang,20.3,91.0,20.3,20.3,,,100.0,4.0,33.4,2.5,,,94.0,,,very_high,"Bawa payung/jas hujan dan gunakan interpretasi konservatif, terutama jika keluar setelah siang."
16:00,Hujan Sedang,19.7,93.0,19.7,19.7,,,100.0,4.0,33.4,2.1,,,94.0,,,very_high,"Bawa payung/jas hujan dan gunakan interpretasi konservatif, terutama jika keluar setelah siang."
17:00,Hujan Sedang,19.3,95.0,19.3,19.3,,,100.0,1.8,7.1,2.1,,,94.0,,,very_high,"Bawa payung/jas hujan dan gunakan interpretasi konservatif, terutama jika keluar setelah siang."
18:00,Hujan Sedang,18.8,96.0,18.8,18.8,,,100.0,1.8,7.1,2.5,,,94.0,,,very_high,"Bawa payung/jas hujan dan gunakan interpretasi konservatif, terutama jika keluar setelah siang."
19:00,Hujan Sedang,18.2,96.0,18.2,18.2,,,100.0,1.8,7.1,1.9,,,94.0,,,very_high,"Bawa payung/jas hujan dan gunakan interpretasi konservatif, terutama jika keluar setelah siang."
20:00,Hujan Ringan,18.0,97.0,18.0,18.0,,,83.3,0.6,3.7,2.1,,,88.0,,,high,"Bawa payung/jas hujan dan gunakan interpretasi konservatif, terutama jika keluar setelah siang."
21:00,Hujan Ringan,17.8,98.0,17.8,17.8,,,83.3,0.6,3.7,1.4,,,88.0,,,high,"Bawa payung/jas hujan dan gunakan interpretasi konservatif, terutama jika keluar setelah siang."
22:00,Hujan Ringan,17.5,99.0,17.5,17.5,,,83.3,0.6,5.9,1.6,,,88.0,,,high,"Bawa payung/jas hujan dan gunakan interpretasi konservatif, terutama jika keluar setelah siang."
23:00,Hujan Ringan,17.4,99.0,17.4,17.4,,,83.3,0.2,9.7,2.0,,,88.0,,,very_high,"Bawa payung/jas hujan dan gunakan interpretasi konservatif, terutama jika keluar setelah siang."
