date,river_discharge,river_discharge_mean,river_discharge_median,river_discharge_max,river_discharge_min,river_discharge_p25,river_discharge_p75
2026-09-17,0.0,0.0,0.0,0.0,0.0,0.0,0.0
2026-09-18,0.0,0.0,0.0,0.01,0.0,0.0,0.0
2026-09-19,0.0,0.0,0.0,0.01,0.0,0.0,0.0
2026-09-20,0.24,0.62,0.31,4.85,0.01,0.15,0.62
2026-09-21,3.03,2.48,2.32,5.47,1.86,2.14,2.52
2026-09-22,5.41,5.43,5.41,5.73,5.21,5.34,5.51
2026-09-23,0.69,0.72,0.71,0.97,0.59,0.67,0.75
2026-09-24,1.16,1.16,1.03,3.04,0.63,0.9,1.31
2026-09-25,3.81,3.75,3.74,4.11,3.61,3.69,3.8
2026-09-26,2.89,2.86,2.84,3.36,2.54,2.72,2.96
2026-09-27,2.39,2.43,2.4,2.71,2.34,2.37,2.47
2026-09-28,1.22,1.23,1.19,2.25,1.09,1.16,1.25
2026-09-29,1.82,1.79,1.63,3.42,1.23,1.4,1.92
2026-09-30,4.28,4.45,4.35,7.77,4.04,4.2,4.51
2026-10-01,2.55,2.57,2.56,2.72,2.47,2.53,2.59
2026-10-02,0.89,0.89,0.88,0.96,0.85,0.87,0.91
2026-10-03,0.81,0.73,0.69,1.1,0.49,0.65,0.8
2026-10-04,0.89,0.97,0.83,3.89,0.34,0.58,1.06
2026-10-05,0.9,1.39,0.96,5.7,0.32,0.64,1.9
2026-10-06,1.05,1.68,1.19,8.27,0.27,0.73,2.26
2026-10-07,1.04,1.62,0.98,9.02,0.12,0.62,2.09
2026-10-08,0.86,1.29,0.77,7.47,0.06,0.39,1.42
2026-10-09,0.92,1.13,0.64,6.85,0.03,0.25,1.26
2026-10-10,0.69,1.04,0.47,13.49,0.02,0.17,0.85
